timestamp,source_ip,destination_ip,source_zone,destination_zone,application,port,action,bytes
2026-01-01 15:57:53,10.10.1.7,172.16.3.5,trust,trust,dns,3389,deny,7475
2026-01-01 00:45:48,10.10.49.6,172.16.5.4,untrust,dmz,rdp,80,deny,632
2026-01-01 05:12:21,10.10.22.9,172.16.14.2,dmz,restricted,unknown-udp,22,allow,3225
2026-01-01 15:39:38,10.10.4.8,172.16.14.8,untrust,restricted,ssh,445,allow,9278
2026-01-01 22:16:59,10.10.99.99,172.16.19.5,trust,restricted,dns,3389,deny,9726
2026-01-01 03:32:45,10.10.24.3,172.16.5.6,trust,restricted,rdp,53,allow,7803
2026-01-01 23:55:10,10.10.12.6,172.16.8.3,trust,trust,ssh,22,allow,5777
2026-01-01 03:04:26,10.10.28.7,172.16.9.7,untrust,restricted,web-browsing,445,deny,5204
2026-01-01 04:26:30,10.10.13.5,172.16.14.4,untrust,dmz,unknown-udp,443,allow,569
2026-01-01 05:47:56,10.10.44.2,172.16.10.2,untrust,untrust,dns,3389,allow,2876
2026-01-01 20:09:07,10.10.32.2,172.16.15.7,dmz,restricted,dns,443,deny,5942
2026-01-01 20:09:30,10.10.99.99,172.16.11.2,untrust,dmz,rdp,3389,deny,8484
2026-01-01 00:07:06,10.10.12.8,172.16.18.2,dmz,untrust,dns,53,allow,3128
2026-01-01 07:11:29,10.10.35.2,172.16.10.8,dmz,restricted,unknown-tcp,445,allow,6481
2026-01-01 08:07:03,10.10.46.7,172.16.7.8,trust,untrust,dns,80,allow,2798
2026-01-01 10:25:56,10.10.7.2,172.16.12.7,dmz,dmz,ssl,22,deny,6254
2026-01-01 07:45:40,10.10.41.2,172.16.3.7,untrust,dmz,rdp,443,allow,501
2026-01-01 22:30:03,10.10.43.7,172.16.19.3,trust,dmz,web-browsing,3389,deny,3132
2026-01-01 19:19:42,10.10.15.5,172.16.15.7,untrust,trust,ssl,80,deny,5975
2026-01-01 07:36:14,10.10.26.8,172.16.12.9,restricted,untrust,unknown-udp,80,allow,9332
2026-01-01 18:09:29,10.10.45.9,172.16.3.4,trust,trust,ssl,445,deny,284
2026-01-01 21:07:44,10.10.27.3,172.16.6.6,dmz,trust,dns,3389,allow,9464
2026-01-01 20:07:16,10.10.49.8,172.16.19.2,restricted,trust,dns,80,deny,9894
2026-01-01 09:36:06,10.10.34.2,172.16.8.6,untrust,restricted,ssh,53,deny,2412
2026-01-01 07:50:17,10.10.16.1,172.16.9.4,dmz,dmz,rdp,443,allow,7529
2026-01-01 23:15:36,10.10.28.9,172.16.6.1,untrust,untrust,ssh,445,allow,2577
2026-01-01 18:21:44,10.10.33.9,172.16.6.8,trust,untrust,rdp,443,allow,2793
2026-01-01 09:55:12,10.10.15.1,172.16.18.2,trust,dmz,rdp,4444,allow,8500
2026-01-01 15:57:50,10.10.3.1,172.16.5.4,untrust,restricted,unknown-udp,80,allow,3617
2026-01-01 15:46:14,10.10.24.8,172.16.13.4,untrust,untrust,unknown-tcp,80,allow,3223
2026-01-01 12:15:04,10.10.3.7,172.16.4.5,restricted,trust,ssl,4444,deny,3863
2026-01-01 19:54:10,10.10.3.1,172.16.14.9,dmz,trust,unknown-udp,4444,allow,3323
2026-01-01 09:45:25,10.10.34.7,172.16.9.8,dmz,trust,ssl,53,allow,2571
2026-01-01 00:56:07,10.10.26.1,172.16.11.7,dmz,restricted,unknown-tcp,22,deny,3480
2026-01-01 00:02:24,10.10.16.4,172.16.19.2,trust,dmz,unknown-tcp,443,allow,6286
2026-01-01 17:13:18,10.10.9.6,172.16.2.3,restricted,restricted,ssl,3389,allow,1989
2026-01-01 05:37:27,10.10.9.8,172.16.15.2,untrust,dmz,ssl,445,deny,5713
2026-01-01 02:54:14,10.10.41.6,172.16.17.5,dmz,restricted,unknown-udp,3389,allow,8905
2026-01-01 14:17:23,10.10.36.5,172.16.7.8,dmz,untrust,web-browsing,3389,allow,783
2026-01-01 02:52:42,10.10.9.5,172.16.10.3,trust,restricted,rdp,53,allow,5080
2026-01-01 16:54:16,10.10.38.4,172.16.18.2,restricted,dmz,unknown-tcp,443,deny,981
2026-01-01 11:37:37,10.10.47.1,172.16.7.2,restricted,dmz,unknown-udp,22,deny,8083
2026-01-01 11:03:35,10.10.20.7,172.16.10.8,untrust,untrust,ssh,80,allow,6068
2026-01-01 21:31:29,10.10.9.6,172.16.18.8,dmz,untrust,ssh,22,allow,8185
2026-01-01 16:01:36,10.10.2.4,172.16.11.2,trust,dmz,ssl,22,allow,9579
2026-01-01 20:39:50,10.10.48.9,172.16.14.9,untrust,restricted,rdp,80,allow,1657
2026-01-01 22:23:16,10.10.35.8,172.16.18.3,dmz,restricted,ssh,445,allow,7910
2026-01-01 17:42:18,10.10.40.1,172.16.17.4,restricted,restricted,unknown-udp,443,allow,8992
2026-01-01 17:09:50,10.10.17.5,172.16.2.9,restricted,restricted,unknown-udp,22,allow,8706
2026-01-01 20:13:42,10.10.20.7,172.16.16.5,untrust,trust,rdp,445,allow,5137
2026-01-01 19:13:49,10.10.1.1,172.16.6.5,restricted,restricted,dns,80,allow,5744
2026-01-01 13:11:28,10.10.32.3,172.16.17.6,trust,restricted,dns,22,deny,5648
2026-01-01 13:49:44,10.10.27.7,172.16.5.5,restricted,trust,web-browsing,443,deny,5061
2026-01-01 19:07:43,10.10.29.6,172.16.16.7,dmz,untrust,dns,53,deny,1503
2026-01-01 04:06:02,10.10.25.8,172.16.12.8,dmz,trust,ssl,443,allow,409
2026-01-01 11:52:11,10.10.22.5,172.16.10.9,restricted,untrust,unknown-tcp,22,allow,8969
2026-01-01 18:55:51,10.10.10.5,172.16.19.3,restricted,dmz,unknown-tcp,443,allow,2880
2026-01-01 05:02:16,10.10.32.5,172.16.5.9,restricted,trust,web-browsing,3389,allow,1385
2026-01-01 09:55:37,10.10.8.9,172.16.1.7,dmz,untrust,dns,53,allow,5862
2026-01-01 04:35:49,10.10.25.2,172.16.7.6,untrust,trust,rdp,4444,deny,7318
2026-01-01 00:50:05,10.10.26.8,172.16.13.1,trust,untrust,unknown-udp,53,deny,5744
2026-01-01 15:29:27,10.10.28.3,172.16.2.4,restricted,dmz,unknown-udp,3389,deny,5725
2026-01-01 16:46:51,10.10.19.2,172.16.4.7,dmz,trust,rdp,4444,allow,6651
2026-01-01 02:35:16,10.10.29.4,172.16.10.3,dmz,untrust,web-browsing,4444,deny,899
2026-01-01 23:34:04,10.10.2.1,172.16.16.4,untrust,untrust,ssh,445,allow,4643
2026-01-01 22:22:38,10.10.40.7,172.16.17.7,trust,restricted,unknown-udp,80,allow,2996
2026-01-01 15:44:37,10.10.21.1,172.16.17.7,untrust,dmz,ssh,445,deny,6494
2026-01-01 21:10:12,10.10.43.6,172.16.15.4,dmz,trust,ssl,53,allow,5199
2026-01-01 22:55:29,10.10.18.7,172.16.12.4,untrust,restricted,ssh,445,deny,9717
2026-01-01 21:04:13,10.10.14.8,172.16.8.3,untrust,untrust,ssh,443,allow,1631
2026-01-01 02:33:42,10.10.47.8,172.16.13.4,restricted,restricted,dns,22,deny,1199
2026-01-01 21:50:12,10.10.20.5,172.16.7.2,dmz,dmz,ssl,53,allow,185
2026-01-01 22:54:38,10.10.14.9,172.16.1.8,restricted,restricted,ssh,22,allow,9229
2026-01-01 04:53:00,10.10.42.6,172.16.7.1,restricted,restricted,unknown-udp,3389,allow,6431
2026-01-01 08:24:23,10.10.39.2,172.16.19.8,dmz,trust,web-browsing,53,allow,7152
2026-01-01 05:12:25,10.10.37.4,172.16.5.1,untrust,restricted,unknown-tcp,80,allow,9623
2026-01-01 08:55:35,10.10.99.99,172.16.1.3,restricted,trust,web-browsing,3389,deny,1793
2026-01-01 17:56:30,10.10.5.2,172.16.14.6,dmz,dmz,web-browsing,4444,deny,8332
2026-01-01 01:39:55,10.10.16.7,172.16.7.3,dmz,dmz,unknown-udp,22,allow,5858
2026-01-01 17:04:47,10.10.16.8,172.16.15.3,restricted,restricted,web-browsing,4444,allow,99
2026-01-01 18:11:00,10.10.5.7,172.16.9.3,restricted,trust,rdp,4444,deny,669
2026-01-01 13:30:49,10.10.24.8,172.16.5.6,untrust,trust,unknown-udp,53,allow,1015
2026-01-01 02:07:06,10.10.32.9,172.16.15.6,trust,restricted,unknown-udp,445,allow,1382
2026-01-01 08:01:00,10.10.39.6,172.16.3.3,untrust,restricted,rdp,22,deny,2954
2026-01-01 00:16:30,10.10.47.8,172.16.4.8,untrust,untrust,dns,3389,allow,2933
2026-01-01 00:47:49,10.10.30.5,172.16.4.1,restricted,restricted,ssh,445,allow,5402
2026-01-01 20:44:58,10.10.42.4,172.16.16.2,trust,trust,unknown-tcp,3389,allow,3902
2026-01-01 00:26:06,10.10.46.3,172.16.1.3,untrust,untrust,web-browsing,443,allow,4583
2026-01-01 08:47:22,10.10.36.8,172.16.16.9,dmz,trust,ssl,53,allow,1690
2026-01-01 14:05:02,10.10.49.9,172.16.5.9,untrust,untrust,unknown-udp,80,allow,8596
2026-01-01 16:50:37,10.10.3.6,172.16.12.7,trust,trust,unknown-udp,22,allow,3182
2026-01-01 03:25:24,10.10.37.1,172.16.15.2,untrust,untrust,unknown-tcp,445,allow,888
2026-01-01 07:18:37,10.10.27.1,172.16.9.5,restricted,restricted,unknown-udp,22,allow,3006
2026-01-01 23:00:04,10.10.35.1,172.16.16.8,restricted,restricted,unknown-tcp,3389,allow,3985
2026-01-01 19:28:26,10.10.12.4,172.16.4.3,trust,untrust,rdp,4444,allow,887
2026-01-01 01:20:05,10.10.26.5,172.16.3.7,restricted,restricted,rdp,3389,deny,6993
2026-01-01 18:32:33,10.10.36.6,172.16.3.6,trust,restricted,ssh,80,allow,6491
2026-01-01 15:44:21,10.10.47.2,172.16.8.2,restricted,dmz,ssl,3389,allow,2698
2026-01-01 10:50:05,10.10.26.4,172.16.11.6,trust,trust,unknown-udp,3389,deny,1796
2026-01-01 18:16:14,10.10.39.5,172.16.18.7,trust,trust,unknown-udp,443,allow,5321
2026-01-01 15:33:48,10.10.14.8,172.16.6.3,dmz,restricted,web-browsing,3389,deny,3566
2026-01-01 08:19:12,10.10.18.1,172.16.17.9,trust,untrust,ssl,3389,allow,6142
2026-01-01 11:45:16,10.10.42.1,172.16.2.1,trust,untrust,rdp,80,deny,856
2026-01-01 12:34:47,10.10.42.7,172.16.1.9,restricted,dmz,unknown-udp,443,deny,4338
2026-01-01 14:39:16,10.10.18.9,172.16.12.9,dmz,untrust,unknown-udp,80,allow,1491
2026-01-01 13:05:29,10.10.3.7,172.16.13.3,dmz,untrust,dns,22,allow,5857
2026-01-01 16:35:49,10.10.33.6,172.16.3.2,restricted,restricted,dns,22,allow,4885
2026-01-01 05:40:53,10.10.2.9,172.16.12.2,restricted,trust,ssl,443,allow,9910
2026-01-01 09:50:32,10.10.7.8,172.16.6.3,dmz,untrust,web-browsing,22,allow,5018
2026-01-01 23:27:41,10.10.38.4,172.16.6.8,restricted,untrust,web-browsing,53,allow,7659
2026-01-01 06:18:41,10.10.28.8,172.16.9.6,trust,trust,rdp,3389,allow,1820
2026-01-01 07:21:38,10.10.9.2,172.16.14.2,dmz,trust,ssl,445,allow,3075
2026-01-01 07:46:50,10.10.14.3,172.16.1.2,trust,untrust,ssh,443,allow,9191
2026-01-01 18:00:48,10.10.99.99,172.16.5.3,restricted,trust,ssl,3389,deny,5599
2026-01-01 17:28:39,10.10.8.3,172.16.15.6,restricted,dmz,unknown-udp,445,deny,3951
2026-01-01 22:18:55,10.10.46.7,172.16.1.1,restricted,trust,rdp,22,deny,6441
2026-01-01 01:14:37,10.10.2.7,172.16.2.2,untrust,dmz,rdp,445,deny,4032
2026-01-01 02:54:31,10.10.19.2,172.16.14.6,dmz,restricted,web-browsing,53,allow,9443
2026-01-01 20:00:16,10.10.5.4,172.16.5.6,untrust,restricted,ssh,4444,allow,6539
2026-01-01 01:17:48,10.10.34.5,172.16.9.5,restricted,dmz,dns,80,deny,2743
2026-01-01 03:10:15,10.10.49.2,172.16.17.9,dmz,untrust,unknown-udp,53,allow,7158
2026-01-01 18:31:33,10.10.24.1,172.16.16.2,untrust,dmz,web-browsing,445,deny,6406
2026-01-01 04:55:16,10.10.47.6,172.16.12.7,restricted,restricted,dns,80,deny,4917
2026-01-01 07:52:42,10.10.43.5,172.16.14.6,dmz,untrust,ssh,4444,allow,8741
2026-01-01 01:15:27,10.10.44.5,172.16.9.5,restricted,dmz,unknown-udp,80,allow,5285
2026-01-01 03:10:16,10.10.28.2,172.16.9.1,dmz,dmz,unknown-udp,4444,deny,5393
2026-01-01 16:39:33,10.10.41.1,172.16.19.1,restricted,trust,dns,445,deny,6017
2026-01-01 03:55:01,10.10.7.4,172.16.15.4,trust,restricted,unknown-udp,443,allow,3257
2026-01-01 15:37:32,10.10.34.9,172.16.17.4,restricted,trust,dns,443,allow,8715
2026-01-01 15:27:20,10.10.99.99,172.16.13.6,trust,untrust,unknown-tcp,3389,deny,4836
2026-01-01 16:57:00,10.10.37.2,172.16.5.5,untrust,dmz,web-browsing,22,deny,7252
2026-01-01 07:12:23,10.10.4.5,172.16.6.1,dmz,trust,unknown-udp,22,deny,1898
2026-01-01 06:04:19,10.10.4.4,172.16.13.3,untrust,trust,rdp,4444,allow,1612
2026-01-01 13:17:37,10.10.3.1,172.16.18.8,restricted,dmz,unknown-tcp,22,allow,2369
2026-01-01 06:32:19,10.10.5.8,172.16.12.9,untrust,trust,rdp,445,allow,2490
2026-01-01 15:45:10,10.10.99.99,172.16.5.7,untrust,restricted,web-browsing,3389,deny,4347
2026-01-01 12:08:19,10.10.29.6,172.16.16.4,untrust,dmz,unknown-tcp,443,allow,5058
2026-01-01 09:27:08,10.10.10.6,172.16.10.4,trust,untrust,unknown-udp,53,allow,9251
2026-01-01 23:03:46,10.10.27.5,172.16.1.6,dmz,restricted,web-browsing,4444,allow,4430
2026-01-01 22:42:28,10.10.41.4,172.16.17.1,trust,trust,rdp,4444,allow,5857
2026-01-01 17:38:24,10.10.7.2,172.16.11.3,trust,trust,ssh,22,deny,3971
2026-01-01 13:52:19,10.10.12.6,172.16.6.1,dmz,untrust,unknown-tcp,22,allow,1800
2026-01-01 22:34:51,10.10.33.9,172.16.16.6,restricted,untrust,dns,4444,allow,5037
2026-01-01 22:26:43,10.10.23.4,172.16.4.5,trust,restricted,ssh,3389,allow,5707
2026-01-01 11:21:15,10.10.34.1,172.16.18.1,untrust,dmz,rdp,22,allow,9160
2026-01-01 21:09:34,10.10.41.3,172.16.14.4,dmz,dmz,dns,80,deny,8838
2026-01-01 06:13:46,10.10.39.5,172.16.11.2,untrust,dmz,unknown-tcp,4444,allow,4528
2026-01-01 13:29:42,10.10.6.3,172.16.10.8,untrust,untrust,ssl,22,deny,1728
2026-01-01 12:06:32,10.10.37.6,172.16.19.2,restricted,dmz,ssl,443,deny,509
2026-01-01 04:37:23,10.10.23.4,172.16.18.2,untrust,trust,unknown-tcp,3389,deny,6329
2026-01-01 00:16:23,10.10.44.6,172.16.13.2,restricted,untrust,unknown-tcp,3389,allow,7052
2026-01-01 14:28:53,10.10.24.2,172.16.19.6,dmz,untrust,rdp,22,allow,1927
2026-01-01 02:02:01,10.10.11.8,172.16.15.2,restricted,trust,unknown-tcp,3389,deny,8607
2026-01-01 17:26:17,10.10.15.2,172.16.4.6,dmz,trust,ssl,443,allow,7832
2026-01-01 22:56:17,10.10.1.2,172.16.5.5,trust,restricted,web-browsing,22,allow,6683
2026-01-01 19:54:22,10.10.46.4,172.16.19.2,dmz,trust,unknown-tcp,22,deny,6919
2026-01-01 13:51:29,10.10.34.8,172.16.12.4,restricted,untrust,unknown-udp,445,allow,8823
2026-01-01 08:41:04,10.10.6.4,172.16.18.6,trust,dmz,web-browsing,22,deny,1885
2026-01-01 21:13:43,10.10.99.99,172.16.5.2,restricted,dmz,rdp,3389,deny,6728
2026-01-01 04:24:08,10.10.39.2,172.16.5.2,dmz,trust,dns,80,allow,9428
2026-01-01 06:07:09,10.10.10.7,172.16.6.8,untrust,dmz,ssl,4444,allow,3529
2026-01-01 15:32:26,10.10.3.1,172.16.2.3,trust,untrust,rdp,80,allow,2763
2026-01-01 10:04:28,10.10.31.5,172.16.4.2,dmz,untrust,unknown-tcp,80,allow,1432
2026-01-01 00:36:42,10.10.6.2,172.16.9.6,restricted,restricted,ssl,3389,deny,2076
2026-01-01 22:24:09,10.10.99.99,172.16.18.4,restricted,trust,unknown-tcp,3389,deny,4982
2026-01-01 03:50:59,10.10.31.8,172.16.14.3,dmz,trust,rdp,53,deny,1374
2026-01-01 06:31:20,10.10.15.4,172.16.16.1,dmz,trust,web-browsing,4444,deny,2145
2026-01-01 02:02:18,10.10.27.4,172.16.5.7,untrust,trust,ssh,4444,deny,4442
2026-01-01 15:57:48,10.10.21.6,172.16.1.4,dmz,trust,ssh,80,deny,825
2026-01-01 06:54:12,10.10.8.1,172.16.8.4,dmz,untrust,ssl,3389,allow,6383
2026-01-01 05:53:00,10.10.24.8,172.16.17.2,dmz,untrust,rdp,445,allow,3372
2026-01-01 14:01:03,10.10.20.6,172.16.11.4,dmz,untrust,ssh,445,deny,2048
2026-01-01 02:55:22,10.10.2.4,172.16.19.1,restricted,restricted,ssh,4444,allow,3215
2026-01-01 12:57:28,10.10.31.1,172.16.18.4,trust,restricted,dns,445,deny,4588
2026-01-01 17:09:23,10.10.38.1,172.16.4.6,dmz,trust,web-browsing,4444,deny,7512
2026-01-01 18:29:56,10.10.46.7,172.16.8.3,trust,trust,web-browsing,445,allow,9329
2026-01-01 20:21:54,10.10.46.3,172.16.10.3,untrust,trust,ssl,53,allow,5359
2026-01-01 09:11:37,10.10.21.3,172.16.8.2,restricted,restricted,ssh,53,deny,3766
2026-01-01 19:01:07,10.10.1.7,172.16.5.6,restricted,dmz,ssl,443,deny,3764
2026-01-01 01:14:41,10.10.99.99,172.16.6.8,untrust,untrust,ssh,3389,deny,5079
2026-01-01 06:35:52,10.10.16.9,172.16.10.9,trust,dmz,dns,445,allow,2632
2026-01-01 23:02:32,10.10.2.9,172.16.9.1,untrust,trust,dns,3389,allow,7397
2026-01-01 16:49:17,10.10.2.7,172.16.2.1,dmz,dmz,unknown-tcp,443,allow,1707
2026-01-01 09:56:28,10.10.14.2,172.16.19.3,trust,restricted,ssh,53,deny,736
2026-01-01 19:14:47,10.10.29.2,172.16.15.3,untrust,dmz,web-browsing,443,allow,9904
2026-01-01 19:03:56,10.10.13.2,172.16.4.9,dmz,untrust,web-browsing,4444,deny,1194
2026-01-01 14:26:59,10.10.13.9,172.16.10.4,restricted,trust,web-browsing,53,allow,4188
2026-01-01 19:06:25,10.10.10.1,172.16.15.7,restricted,restricted,ssl,4444,allow,1595
2026-01-01 09:32:00,10.10.23.4,172.16.2.3,dmz,dmz,dns,53,allow,8093
2026-01-01 04:09:32,10.10.6.1,172.16.18.3,dmz,restricted,web-browsing,443,allow,4447
2026-01-01 02:28:55,10.10.99.99,172.16.13.9,dmz,trust,ssh,3389,deny,7338
2026-01-01 12:52:00,10.10.29.9,172.16.4.5,dmz,restricted,ssh,4444,allow,3082
2026-01-01 08:09:38,10.10.48.2,172.16.17.6,restricted,trust,ssh,80,allow,609
2026-01-01 17:34:18,10.10.11.6,172.16.17.7,dmz,untrust,ssl,4444,allow,8124
2026-01-01 08:42:41,10.10.33.2,172.16.5.4,dmz,restricted,rdp,22,deny,3514
2026-01-01 05:00:56,10.10.41.6,172.16.15.7,trust,trust,unknown-udp,443,allow,1268
2026-01-01 15:10:21,10.10.36.7,172.16.14.8,trust,restricted,unknown-udp,445,deny,7738
2026-01-01 12:10:35,10.10.19.6,172.16.3.5,dmz,untrust,unknown-tcp,3389,deny,300
2026-01-01 06:39:46,10.10.44.3,172.16.18.6,trust,dmz,rdp,22,allow,8592
2026-01-01 13:24:18,10.10.45.7,172.16.5.4,restricted,untrust,unknown-udp,3389,allow,3652
2026-01-01 16:59:01,10.10.10.7,172.16.5.7,trust,trust,unknown-tcp,445,allow,3009
2026-01-01 19:55:25,10.10.33.4,172.16.11.7,dmz,untrust,ssh,443,allow,7673
2026-01-01 17:15:46,10.10.32.3,172.16.13.5,trust,dmz,ssh,4444,allow,7948
2026-01-01 06:20:04,10.10.46.3,172.16.4.4,trust,untrust,dns,80,allow,3440
2026-01-01 11:29:47,10.10.32.3,172.16.18.7,trust,trust,rdp,4444,allow,5708
2026-01-01 17:39:46,10.10.9.3,172.16.1.8,restricted,untrust,ssl,3389,deny,4966
2026-01-01 14:44:06,10.10.44.3,172.16.1.2,restricted,restricted,ssh,3389,allow,2693
2026-01-01 11:03:49,10.10.12.2,172.16.4.7,dmz,untrust,ssh,445,allow,6649
2026-01-01 04:51:23,10.10.8.2,172.16.14.4,trust,trust,web-browsing,445,allow,7219
2026-01-01 13:51:10,10.10.45.8,172.16.10.1,untrust,restricted,ssh,445,allow,3215
2026-01-01 19:20:14,10.10.47.1,172.16.6.6,trust,trust,dns,80,allow,227
2026-01-01 12:28:49,10.10.19.8,172.16.19.6,trust,dmz,ssh,445,allow,4597
2026-01-01 01:48:16,10.10.27.7,172.16.10.3,untrust,dmz,dns,3389,allow,5214
2026-01-01 22:54:31,10.10.13.6,172.16.3.5,restricted,dmz,ssl,4444,allow,1980
2026-01-01 09:11:06,10.10.16.8,172.16.17.4,restricted,untrust,ssl,3389,allow,5068
2026-01-01 12:26:37,10.10.21.1,172.16.7.7,untrust,trust,dns,3389,allow,3172
2026-01-01 19:07:10,10.10.45.6,172.16.16.6,restricted,trust,unknown-udp,22,allow,9652
2026-01-01 02:15:38,10.10.23.6,172.16.18.8,restricted,trust,unknown-udp,443,allow,8366
2026-01-01 04:33:33,10.10.19.7,172.16.17.4,trust,trust,unknown-udp,3389,deny,2620
2026-01-01 10:30:07,10.10.34.1,172.16.12.1,restricted,dmz,rdp,3389,allow,2696
2026-01-01 09:41:36,10.10.7.3,172.16.5.9,restricted,dmz,rdp,3389,deny,6781
2026-01-01 14:17:44,10.10.36.5,172.16.18.2,untrust,dmz,rdp,3389,allow,2385
2026-01-01 21:43:15,10.10.44.8,172.16.15.9,restricted,dmz,web-browsing,53,deny,234
2026-01-01 05:53:12,10.10.29.7,172.16.8.3,trust,untrust,ssl,80,allow,5610
2026-01-01 07:40:14,10.10.30.8,172.16.17.7,trust,untrust,web-browsing,53,allow,7928
2026-01-01 11:21:25,10.10.47.8,172.16.9.9,untrust,untrust,unknown-udp,80,allow,8414
2026-01-01 09:04:44,10.10.18.7,172.16.9.9,dmz,trust,ssh,80,allow,7076
2026-01-01 17:52:22,10.10.99.99,172.16.5.7,dmz,trust,rdp,3389,deny,3707
2026-01-01 13:48:54,10.10.47.8,172.16.16.5,trust,restricted,web-browsing,443,allow,7003
2026-01-01 10:05:33,10.10.14.5,172.16.5.4,untrust,restricted,ssl,80,deny,7708
2026-01-01 13:10:27,10.10.25.7,172.16.7.9,trust,trust,unknown-tcp,3389,deny,3118
2026-01-01 00:48:34,10.10.23.4,172.16.10.3,untrust,dmz,unknown-udp,3389,allow,7462
2026-01-01 21:34:53,10.10.32.7,172.16.9.3,restricted,dmz,dns,4444,allow,1300
2026-01-01 20:30:05,10.10.43.8,172.16.17.3,dmz,restricted,ssh,53,allow,8106
2026-01-01 03:25:14,10.10.1.1,172.16.17.5,trust,untrust,unknown-tcp,443,allow,4416
2026-01-01 11:50:20,10.10.99.99,172.16.17.8,dmz,dmz,unknown-tcp,3389,deny,3410
2026-01-01 10:57:00,10.10.36.5,172.16.16.1,restricted,dmz,unknown-tcp,22,deny,5435
2026-01-01 09:00:59,10.10.12.6,172.16.10.2,untrust,restricted,ssl,4444,deny,1091
2026-01-01 13:43:12,10.10.20.6,172.16.12.4,trust,dmz,unknown-udp,53,deny,8205
2026-01-01 00:05:53,10.10.30.9,172.16.2.4,untrust,trust,ssl,22,allow,8282
2026-01-01 11:09:02,10.10.24.1,172.16.10.3,restricted,restricted,ssh,443,allow,965
2026-01-01 06:41:02,10.10.6.5,172.16.16.4,trust,dmz,unknown-udp,445,allow,323
2026-01-01 23:26:08,10.10.28.5,172.16.13.3,dmz,dmz,unknown-tcp,445,allow,289
2026-01-01 19:09:09,10.10.12.4,172.16.4.3,untrust,dmz,dns,22,deny,9213
2026-01-01 06:55:45,10.10.27.4,172.16.6.5,untrust,untrust,dns,443,deny,7886
2026-01-01 21:04:48,10.10.49.2,172.16.8.2,dmz,untrust,web-browsing,4444,allow,549
2026-01-01 17:32:29,10.10.41.8,172.16.16.5,restricted,restricted,unknown-udp,445,allow,1155
2026-01-01 12:47:32,10.10.49.1,172.16.16.9,dmz,restricted,ssl,4444,allow,3504
2026-01-01 13:46:38,10.10.47.8,172.16.5.1,untrust,restricted,ssh,443,allow,978
2026-01-01 16:08:36,10.10.24.1,172.16.5.2,trust,dmz,rdp,4444,allow,5661
2026-01-01 21:34:39,10.10.12.9,172.16.3.3,dmz,dmz,ssh,80,deny,5713
2026-01-01 16:22:03,10.10.32.7,172.16.9.1,restricted,trust,rdp,53,deny,291
2026-01-01 11:13:16,10.10.23.5,172.16.11.4,restricted,restricted,ssl,443,deny,768
2026-01-01 21:23:35,10.10.18.9,172.16.5.2,untrust,untrust,dns,80,deny,9037
2026-01-01 11:16:18,10.10.99.99,172.16.15.6,dmz,dmz,unknown-tcp,3389,deny,4655
2026-01-01 16:29:45,10.10.45.5,172.16.6.9,trust,trust,web-browsing,3389,deny,992
2026-01-01 06:16:38,10.10.11.3,172.16.3.9,trust,untrust,ssh,4444,allow,1322
2026-01-01 17:35:00,10.10.21.4,172.16.8.8,dmz,restricted,ssh,3389,allow,522
2026-01-01 21:04:52,10.10.16.8,172.16.14.8,restricted,restricted,dns,445,allow,9869
2026-01-01 04:17:13,10.10.18.9,172.16.7.6,trust,dmz,web-browsing,443,deny,5706
2026-01-01 01:25:40,10.10.25.5,172.16.4.6,trust,dmz,web-browsing,445,allow,624
2026-01-01 15:35:20,10.10.19.5,172.16.4.3,restricted,untrust,ssh,80,deny,8790
2026-01-01 18:00:51,10.10.49.9,172.16.18.3,trust,trust,unknown-udp,443,allow,4239
2026-01-01 04:02:08,10.10.28.2,172.16.14.8,untrust,dmz,web-browsing,3389,deny,8493
2026-01-01 14:10:58,10.10.28.3,172.16.17.5,trust,untrust,ssl,445,deny,573
2026-01-01 10:40:19,10.10.2.8,172.16.17.8,restricted,trust,web-browsing,80,allow,4874
2026-01-01 17:55:25,10.10.30.1,172.16.4.8,untrust,dmz,rdp,22,deny,4887
2026-01-01 11:38:34,10.10.5.4,172.16.16.1,untrust,restricted,unknown-tcp,4444,allow,7141
2026-01-01 07:21:43,10.10.34.2,172.16.12.3,restricted,dmz,unknown-tcp,4444,allow,1914
2026-01-01 12:44:17,10.10.36.6,172.16.7.8,trust,restricted,rdp,80,deny,682
2026-01-01 06:05:54,10.10.23.5,172.16.4.8,dmz,untrust,ssh,445,deny,1334
2026-01-01 09:09:38,10.10.7.7,172.16.13.8,untrust,untrust,web-browsing,445,deny,2502
2026-01-01 22:56:36,10.10.38.3,172.16.15.3,untrust,restricted,ssl,443,allow,6965
2026-01-01 16:33:58,10.10.99.99,172.16.7.5,trust,dmz,ssh,3389,deny,9183
2026-01-01 18:21:24,10.10.35.1,172.16.7.6,dmz,trust,unknown-udp,443,allow,4196
2026-01-01 20:59:14,10.10.99.99,172.16.12.7,restricted,dmz,dns,3389,deny,5606
2026-01-01 23:26:37,10.10.42.8,172.16.2.6,restricted,restricted,unknown-tcp,53,deny,8709
2026-01-01 05:51:27,10.10.14.6,172.16.12.8,dmz,restricted,rdp,53,allow,6607
2026-01-01 14:04:59,10.10.15.8,172.16.12.7,restricted,dmz,dns,22,allow,2708
2026-01-01 08:07:42,10.10.41.2,172.16.1.6,untrust,restricted,dns,80,allow,7302
2026-01-01 10:35:59,10.10.3.4,172.16.16.4,trust,trust,unknown-udp,22,allow,431
2026-01-01 19:19:45,10.10.45.2,172.16.5.9,restricted,restricted,dns,80,deny,3199
2026-01-01 12:04:34,10.10.43.9,172.16.6.3,trust,untrust,web-browsing,445,allow,9134
2026-01-01 12:16:58,10.10.45.6,172.16.3.6,restricted,untrust,dns,3389,allow,3813
2026-01-01 19:09:20,10.10.24.2,172.16.7.3,untrust,untrust,web-browsing,22,allow,426
2026-01-01 21:33:42,10.10.99.99,172.16.8.3,trust,dmz,web-browsing,3389,deny,4493
2026-01-01 04:03:27,10.10.6.3,172.16.3.2,untrust,restricted,rdp,3389,deny,6205
2026-01-01 23:46:44,10.10.20.3,172.16.13.5,restricted,trust,web-browsing,80,deny,8333
2026-01-01 09:33:19,10.10.48.6,172.16.7.2,trust,untrust,unknown-tcp,3389,allow,480
2026-01-01 14:18:57,10.10.9.7,172.16.16.1,dmz,trust,unknown-tcp,80,deny,1734
2026-01-01 11:35:54,10.10.13.5,172.16.11.1,restricted,restricted,ssl,3389,allow,7822
2026-01-01 10:54:34,10.10.28.4,172.16.1.1,restricted,trust,unknown-udp,4444,deny,9293
2026-01-01 12:47:08,10.10.1.1,172.16.12.4,untrust,trust,ssh,22,deny,2885
2026-01-01 09:10:26,10.10.9.6,172.16.5.2,untrust,restricted,web-browsing,3389,deny,3884
2026-01-01 03:44:46,10.10.12.9,172.16.19.7,untrust,restricted,ssh,22,allow,6755
2026-01-01 03:18:28,10.10.45.9,172.16.4.1,untrust,trust,web-browsing,80,deny,2965
2026-01-01 03:37:06,10.10.26.3,172.16.1.5,trust,dmz,ssl,53,allow,950
2026-01-01 11:17:13,10.10.18.2,172.16.6.3,restricted,restricted,ssl,4444,allow,3673
2026-01-01 04:29:11,10.10.20.8,172.16.5.8,trust,trust,unknown-tcp,445,deny,5274
2026-01-01 19:06:56,10.10.26.3,172.16.9.1,untrust,restricted,ssh,22,allow,7710
2026-01-01 01:37:15,10.10.2.3,172.16.11.4,dmz,restricted,ssl,80,allow,3648
2026-01-01 10:46:12,10.10.36.1,172.16.6.8,restricted,untrust,unknown-udp,53,deny,1521
2026-01-01 20:18:42,10.10.20.4,172.16.6.1,restricted,trust,unknown-tcp,445,allow,5464
2026-01-01 19:25:35,10.10.22.9,172.16.17.7,dmz,untrust,unknown-udp,53,deny,7370
2026-01-01 22:06:12,10.10.14.2,172.16.9.4,trust,untrust,unknown-udp,3389,deny,6669
2026-01-01 12:59:30,10.10.33.9,172.16.10.5,restricted,untrust,ssl,443,allow,2118
2026-01-01 05:34:24,10.10.9.3,172.16.2.8,trust,restricted,ssh,445,allow,4966
2026-01-01 21:02:12,10.10.14.7,172.16.5.8,restricted,trust,ssh,443,allow,6134
2026-01-01 23:54:41,10.10.11.9,172.16.15.3,restricted,trust,dns,3389,allow,1296
2026-01-01 15:38:54,10.10.12.9,172.16.15.4,dmz,dmz,dns,445,allow,1786
2026-01-01 17:13:03,10.10.47.7,172.16.9.5,untrust,untrust,rdp,443,allow,8660
2026-01-01 01:35:31,10.10.12.5,172.16.6.5,dmz,dmz,ssh,3389,deny,2023
2026-01-01 09:18:33,10.10.31.6,172.16.3.7,dmz,trust,ssl,22,allow,5594
2026-01-01 18:19:25,10.10.2.8,172.16.7.3,untrust,untrust,unknown-udp,80,allow,263
2026-01-01 06:06:16,10.10.28.9,172.16.6.5,untrust,restricted,ssh,53,allow,7412
2026-01-01 11:22:17,10.10.46.9,172.16.9.4,dmz,restricted,web-browsing,443,deny,3393
2026-01-01 04:34:36,10.10.28.7,172.16.4.5,untrust,untrust,ssl,443,allow,3839
2026-01-01 20:46:32,10.10.16.6,172.16.19.5,untrust,trust,dns,80,allow,2065
2026-01-01 02:21:33,10.10.23.2,172.16.6.7,trust,restricted,unknown-tcp,445,deny,8653
2026-01-01 11:52:59,10.10.18.5,172.16.16.3,restricted,untrust,unknown-tcp,4444,allow,7037
2026-01-01 21:30:06,10.10.8.2,172.16.8.3,dmz,restricted,web-browsing,445,allow,9483
2026-01-01 19:11:07,10.10.40.8,172.16.19.4,dmz,dmz,unknown-tcp,53,allow,5954
2026-01-01 07:21:35,10.10.44.2,172.16.14.8,restricted,untrust,web-browsing,4444,allow,5989
2026-01-01 13:39:28,10.10.45.4,172.16.19.6,dmz,restricted,unknown-udp,53,deny,4295
2026-01-01 15:25:00,10.10.38.6,172.16.2.1,dmz,restricted,web-browsing,80,allow,5980
2026-01-01 04:03:26,10.10.49.2,172.16.13.8,dmz,restricted,unknown-tcp,443,deny,409
2026-01-01 06:38:57,10.10.18.4,172.16.7.4,restricted,untrust,unknown-tcp,4444,allow,7415
2026-01-01 12:23:11,10.10.36.7,172.16.13.7,restricted,dmz,web-browsing,22,deny,9054
2026-01-01 19:50:00,10.10.26.1,172.16.5.5,restricted,trust,ssh,443,allow,6109
2026-01-01 20:05:39,10.10.41.7,172.16.3.3,untrust,trust,rdp,3389,allow,3048
2026-01-01 09:41:28,10.10.11.4,172.16.2.8,untrust,trust,ssh,53,deny,6827
2026-01-01 05:44:25,10.10.30.6,172.16.11.9,trust,restricted,ssh,22,deny,3330
2026-01-01 00:07:29,10.10.14.9,172.16.6.2,trust,dmz,dns,445,deny,4825
2026-01-01 07:03:44,10.10.35.4,172.16.19.6,dmz,restricted,dns,3389,allow,8061
2026-01-01 18:16:12,10.10.48.6,172.16.10.6,untrust,trust,ssl,80,allow,4102
2026-01-01 19:20:00,10.10.99.99,172.16.4.1,untrust,restricted,dns,3389,deny,5588
2026-01-01 00:53:01,10.10.25.1,172.16.2.9,restricted,untrust,web-browsing,53,allow,1489
2026-01-01 20:09:59,10.10.99.99,172.16.2.6,dmz,restricted,ssl,3389,deny,3903
2026-01-01 13:57:11,10.10.48.5,172.16.12.6,dmz,dmz,web-browsing,53,allow,8507
2026-01-01 18:17:51,10.10.99.99,172.16.17.5,restricted,restricted,ssl,3389,deny,2830
2026-01-01 20:42:17,10.10.2.8,172.16.19.1,trust,trust,dns,80,deny,88
2026-01-01 06:01:54,10.10.25.7,172.16.12.9,trust,dmz,rdp,22,allow,5366
2026-01-01 06:05:20,10.10.44.8,172.16.3.9,untrust,trust,ssl,4444,allow,1269
2026-01-01 21:27:30,10.10.30.9,172.16.16.6,dmz,trust,unknown-udp,3389,deny,6246
2026-01-01 11:06:32,10.10.35.7,172.16.1.9,untrust,trust,dns,4444,allow,4310
2026-01-01 13:44:50,10.10.12.6,172.16.13.9,trust,dmz,dns,80,allow,6084
2026-01-01 06:42:06,10.10.5.8,172.16.3.9,restricted,trust,web-browsing,80,allow,9684
2026-01-01 16:31:42,10.10.48.5,172.16.4.8,untrust,trust,unknown-udp,445,allow,3439
2026-01-01 20:04:57,10.10.31.6,172.16.8.1,trust,restricted,unknown-tcp,53,allow,8750
2026-01-01 05:16:40,10.10.47.3,172.16.5.9,dmz,trust,dns,22,allow,7136
2026-01-01 12:51:19,10.10.17.1,172.16.4.9,restricted,dmz,dns,4444,allow,9112
2026-01-01 15:13:43,10.10.15.5,172.16.9.7,dmz,dmz,web-browsing,22,allow,9094
2026-01-01 15:31:36,10.10.9.7,172.16.1.7,restricted,dmz,ssh,4444,allow,5044
2026-01-01 09:30:50,10.10.28.6,172.16.13.4,restricted,dmz,dns,4444,allow,6081
2026-01-01 23:13:11,10.10.1.4,172.16.6.6,untrust,restricted,unknown-tcp,53,allow,4331
2026-01-01 23:08:38,10.10.15.2,172.16.18.5,dmz,restricted,unknown-tcp,22,allow,2772
2026-01-01 15:45:39,10.10.99.99,172.16.12.3,restricted,trust,unknown-udp,3389,deny,1972
2026-01-01 08:56:11,10.10.38.3,172.16.17.4,trust,dmz,web-browsing,4444,allow,1652
2026-01-01 19:50:04,10.10.49.7,172.16.6.5,trust,trust,rdp,22,deny,9630
2026-01-01 10:36:54,10.10.36.3,172.16.13.8,untrust,dmz,ssl,443,allow,1135
2026-01-01 17:19:51,10.10.24.6,172.16.6.5,dmz,restricted,unknown-tcp,4444,allow,8738
2026-01-01 04:09:19,10.10.35.1,172.16.11.8,dmz,restricted,ssh,4444,deny,6853
2026-01-01 13:35:36,10.10.21.5,172.16.16.6,trust,untrust,unknown-tcp,80,allow,6904
2026-01-01 04:35:08,10.10.99.99,172.16.2.8,trust,untrust,web-browsing,3389,deny,6327
2026-01-01 13:11:51,10.10.22.6,172.16.4.2,dmz,restricted,unknown-tcp,3389,allow,2385
2026-01-01 05:43:02,10.10.10.1,172.16.15.1,untrust,untrust,unknown-udp,443,deny,9899
2026-01-01 04:46:44,10.10.31.1,172.16.17.7,untrust,untrust,unknown-udp,443,allow,3846
2026-01-01 08:41:21,10.10.15.7,172.16.16.1,untrust,dmz,unknown-udp,445,allow,662
2026-01-01 00:32:09,10.10.6.4,172.16.4.1,restricted,untrust,ssh,445,allow,1730
2026-01-01 06:21:54,10.10.22.9,172.16.16.4,trust,trust,web-browsing,443,allow,5805
2026-01-01 13:20:45,10.10.34.6,172.16.3.2,restricted,dmz,rdp,4444,deny,6087
2026-01-01 10:44:43,10.10.14.9,172.16.4.5,untrust,untrust,ssh,80,deny,5189
2026-01-01 05:39:55,10.10.12.3,172.16.5.6,restricted,restricted,unknown-udp,445,deny,9744
2026-01-01 13:17:37,10.10.41.9,172.16.3.5,restricted,untrust,unknown-tcp,22,allow,107
2026-01-01 06:43:37,10.10.49.7,172.16.2.9,trust,trust,dns,53,allow,5468
2026-01-01 13:46:35,10.10.11.6,172.16.10.4,dmz,trust,web-browsing,80,allow,6833
2026-01-01 19:45:59,10.10.18.5,172.16.19.3,restricted,trust,web-browsing,53,allow,4932
2026-01-01 19:43:53,10.10.39.7,172.16.16.8,restricted,trust,rdp,443,allow,1571
2026-01-01 09:52:55,10.10.1.8,172.16.18.4,restricted,trust,web-browsing,3389,allow,2495
2026-01-01 11:58:49,10.10.29.6,172.16.5.6,dmz,dmz,unknown-udp,445,deny,8385
2026-01-01 06:50:52,10.10.4.8,172.16.1.1,untrust,restricted,unknown-tcp,443,allow,8616
2026-01-01 05:45:41,10.10.10.4,172.16.12.2,dmz,untrust,ssl,80,allow,9846
2026-01-01 04:01:46,10.10.18.5,172.16.3.3,dmz,untrust,rdp,80,allow,5345
2026-01-01 15:54:58,10.10.99.99,172.16.10.3,restricted,untrust,ssl,3389,deny,936
2026-01-01 15:04:47,10.10.31.8,172.16.9.6,restricted,restricted,dns,4444,allow,5122
2026-01-01 23:19:51,10.10.42.2,172.16.18.4,untrust,dmz,ssl,3389,allow,685
2026-01-01 15:52:42,10.10.18.1,172.16.16.7,untrust,trust,ssh,445,allow,4733
2026-01-01 16:45:34,10.10.24.6,172.16.5.9,trust,restricted,unknown-tcp,4444,allow,6145
2026-01-01 05:54:41,10.10.32.2,172.16.15.7,dmz,dmz,unknown-udp,4444,allow,9419
2026-01-01 09:44:32,10.10.46.9,172.16.3.8,untrust,untrust,unknown-tcp,3389,allow,450
2026-01-01 00:39:38,10.10.29.1,172.16.7.4,restricted,untrust,rdp,80,allow,6288
2026-01-01 09:25:01,10.10.3.6,172.16.19.6,restricted,dmz,unknown-tcp,80,allow,4311
2026-01-01 04:31:55,10.10.39.3,172.16.18.2,dmz,untrust,web-browsing,445,allow,535
2026-01-01 07:25:15,10.10.20.6,172.16.4.7,untrust,dmz,unknown-tcp,4444,allow,3468
2026-01-01 05:58:27,10.10.9.3,172.16.13.1,untrust,restricted,unknown-udp,53,allow,5045
2026-01-01 21:02:15,10.10.99.99,172.16.14.7,trust,restricted,unknown-udp,3389,deny,5314
2026-01-01 10:35:00,10.10.36.3,172.16.2.9,trust,dmz,unknown-udp,4444,allow,5388
2026-01-01 20:59:15,10.10.19.1,172.16.13.3,untrust,trust,web-browsing,4444,allow,6151
2026-01-01 10:54:39,10.10.19.3,172.16.15.2,restricted,trust,unknown-udp,53,allow,9579
2026-01-01 15:09:27,10.10.2.1,172.16.11.9,trust,dmz,web-browsing,4444,allow,4104
2026-01-01 21:04:18,10.10.13.8,172.16.16.6,dmz,dmz,unknown-udp,80,allow,7936
2026-01-01 10:11:06,10.10.26.9,172.16.10.1,trust,restricted,dns,80,allow,2570
2026-01-01 14:01:36,10.10.38.2,172.16.13.3,restricted,trust,web-browsing,3389,allow,5237
2026-01-01 15:35:28,10.10.20.2,172.16.16.2,restricted,untrust,dns,3389,deny,5891
2026-01-01 03:12:26,10.10.29.4,172.16.2.9,untrust,untrust,web-browsing,443,deny,4993
2026-01-01 16:38:04,10.10.2.5,172.16.9.5,trust,trust,dns,443,allow,8049
2026-01-01 09:11:03,10.10.44.2,172.16.5.1,untrust,restricted,web-browsing,53,allow,2903
2026-01-01 10:50:11,10.10.10.8,172.16.6.3,dmz,untrust,rdp,445,allow,6628
2026-01-01 15:20:02,10.10.10.6,172.16.7.3,trust,dmz,rdp,53,allow,9659
2026-01-01 08:39:11,10.10.30.8,172.16.15.3,restricted,untrust,web-browsing,443,deny,3882
2026-01-01 22:18:04,10.10.49.8,172.16.4.2,restricted,untrust,dns,80,deny,4623
2026-01-01 01:06:51,10.10.30.3,172.16.2.5,trust,trust,ssh,53,allow,8567
2026-01-01 11:42:22,10.10.44.8,172.16.16.2,restricted,dmz,ssl,22,allow,9688
2026-01-01 00:13:50,10.10.15.3,172.16.10.9,restricted,trust,dns,80,deny,4117
2026-01-01 06:21:49,10.10.36.9,172.16.14.4,restricted,restricted,unknown-tcp,4444,allow,7640
2026-01-01 06:32:10,10.10.38.7,172.16.18.4,untrust,trust,web-browsing,3389,allow,7305
2026-01-01 15:53:46,10.10.31.4,172.16.17.7,untrust,dmz,web-browsing,445,allow,6393
2026-01-01 03:26:51,10.10.22.7,172.16.17.3,untrust,trust,rdp,22,deny,5342
2026-01-01 12:26:10,10.10.33.5,172.16.16.7,restricted,dmz,dns,445,deny,1123
2026-01-01 22:39:02,10.10.30.7,172.16.6.9,trust,dmz,unknown-tcp,22,deny,5074
2026-01-01 15:47:54,10.10.11.4,172.16.10.4,trust,dmz,ssl,53,allow,7182
2026-01-01 19:55:26,10.10.41.2,172.16.7.8,trust,untrust,unknown-udp,445,allow,203
2026-01-01 18:25:58,10.10.30.6,172.16.3.9,untrust,trust,rdp,445,allow,8393
2026-01-01 01:44:57,10.10.26.6,172.16.6.9,dmz,dmz,web-browsing,3389,allow,1600
2026-01-01 12:22:06,10.10.2.7,172.16.7.1,trust,dmz,web-browsing,22,allow,5045
2026-01-01 16:17:54,10.10.6.6,172.16.10.8,restricted,restricted,ssh,80,deny,806
2026-01-01 02:33:43,10.10.32.9,172.16.8.8,restricted,trust,unknown-udp,53,deny,6975
2026-01-01 20:14:01,10.10.38.9,172.16.13.5,untrust,dmz,rdp,22,allow,665
2026-01-01 08:20:06,10.10.23.6,172.16.15.2,dmz,trust,ssl,53,deny,83
2026-01-01 18:45:59,10.10.2.2,172.16.8.4,restricted,trust,ssh,80,deny,880
2026-01-01 21:10:03,10.10.31.2,172.16.11.9,trust,untrust,web-browsing,3389,deny,9891
2026-01-01 14:00:14,10.10.99.99,172.16.6.4,restricted,dmz,web-browsing,3389,deny,1005
2026-01-01 23:49:17,10.10.27.2,172.16.15.1,restricted,trust,ssl,3389,allow,57
2026-01-01 23:46:55,10.10.8.9,172.16.16.8,dmz,restricted,rdp,80,allow,103
2026-01-01 18:25:26,10.10.19.8,172.16.3.9,trust,untrust,ssl,3389,allow,1024
2026-01-01 08:45:31,10.10.34.2,172.16.16.9,restricted,trust,dns,445,allow,1783
2026-01-01 20:02:24,10.10.44.2,172.16.2.6,untrust,restricted,unknown-tcp,3389,deny,4599
2026-01-01 04:00:08,10.10.20.7,172.16.3.8,dmz,trust,ssl,80,allow,2068
2026-01-01 15:30:59,10.10.27.5,172.16.4.1,dmz,restricted,ssl,445,allow,8432
2026-01-01 18:47:56,10.10.15.3,172.16.9.8,untrust,trust,ssh,4444,deny,8740
2026-01-01 11:18:22,10.10.99.99,172.16.14.6,dmz,dmz,ssl,3389,deny,738
2026-01-01 17:50:42,10.10.23.6,172.16.4.7,untrust,trust,ssh,3389,allow,6352
2026-01-01 16:45:10,10.10.23.3,172.16.15.5,restricted,untrust,unknown-tcp,443,deny,4011
2026-01-01 22:32:40,10.10.17.6,172.16.15.9,trust,restricted,rdp,53,deny,5579
2026-01-01 21:31:45,10.10.99.99,172.16.12.6,restricted,trust,dns,3389,deny,5283
2026-01-01 04:30:16,10.10.34.5,172.16.15.3,trust,dmz,dns,3389,allow,6675
2026-01-01 18:14:56,10.10.10.4,172.16.14.4,dmz,untrust,unknown-tcp,22,deny,3369
2026-01-01 10:51:47,10.10.47.5,172.16.11.7,restricted,restricted,ssl,445,allow,1105
2026-01-01 07:56:16,10.10.18.9,172.16.5.4,restricted,trust,ssl,80,allow,4405
2026-01-01 07:13:10,10.10.33.6,172.16.8.7,trust,untrust,dns,53,deny,1499
2026-01-01 03:34:08,10.10.43.8,172.16.3.8,restricted,restricted,ssh,4444,allow,8818
2026-01-01 08:57:13,10.10.36.2,172.16.9.8,restricted,dmz,ssh,4444,allow,1077
2026-01-01 07:33:52,10.10.39.7,172.16.14.1,dmz,dmz,ssl,53,allow,750
2026-01-01 13:02:59,10.10.29.6,172.16.7.9,dmz,dmz,ssh,53,allow,7241
2026-01-01 15:47:17,10.10.37.4,172.16.9.5,restricted,restricted,unknown-udp,4444,deny,6911
2026-01-01 08:51:24,10.10.27.7,172.16.12.1,dmz,dmz,ssl,3389,deny,6229
2026-01-01 11:13:37,10.10.1.3,172.16.15.3,trust,dmz,ssh,22,allow,496
2026-01-01 20:45:17,10.10.4.7,172.16.19.2,untrust,untrust,unknown-udp,53,allow,2174
2026-01-01 23:49:36,10.10.40.3,172.16.8.9,restricted,restricted,ssh,445,allow,5084
2026-01-01 04:02:55,10.10.3.2,172.16.5.5,restricted,untrust,dns,80,allow,5596
2026-01-01 15:34:25,10.10.45.4,172.16.19.4,trust,untrust,dns,80,allow,1793
2026-01-01 10:08:58,10.10.3.6,172.16.3.3,trust,untrust,rdp,53,allow,6619
2026-01-01 06:18:54,10.10.42.9,172.16.9.7,untrust,restricted,web-browsing,22,allow,3634
2026-01-01 17:04:37,10.10.29.6,172.16.15.4,trust,trust,web-browsing,3389,deny,6445
2026-01-01 11:42:09,10.10.41.7,172.16.1.5,dmz,untrust,rdp,445,allow,5029
2026-01-01 20:36:13,10.10.13.9,172.16.18.8,untrust,untrust,dns,443,allow,7680
2026-01-01 07:57:17,10.10.30.4,172.16.7.9,dmz,trust,rdp,53,allow,5631
2026-01-01 18:56:08,10.10.20.9,172.16.19.4,restricted,untrust,unknown-tcp,443,allow,8173
2026-01-01 18:54:48,10.10.49.4,172.16.7.1,untrust,restricted,unknown-udp,445,deny,3265
2026-01-01 22:19:09,10.10.24.9,172.16.1.7,trust,untrust,rdp,3389,allow,8426
2026-01-01 14:42:25,10.10.48.8,172.16.15.7,untrust,untrust,rdp,22,deny,4026
2026-01-01 12:46:42,10.10.41.4,172.16.4.4,restricted,restricted,ssh,443,allow,1213
2026-01-01 22:10:00,10.10.39.9,172.16.9.7,dmz,restricted,ssl,443,allow,9067
2026-01-01 22:11:25,10.10.14.5,172.16.12.4,dmz,restricted,unknown-udp,4444,deny,5356
2026-01-01 23:19:03,10.10.35.8,172.16.1.1,trust,trust,unknown-udp,4444,allow,8988
2026-01-01 13:18:48,10.10.13.9,172.16.10.8,restricted,untrust,ssl,53,allow,8078
2026-01-01 16:05:22,10.10.99.99,172.16.13.4,trust,trust,web-browsing,3389,deny,4008
2026-01-01 14:33:42,10.10.14.5,172.16.3.9,trust,untrust,unknown-udp,3389,allow,8547
2026-01-01 10:29:16,10.10.9.2,172.16.8.8,untrust,untrust,dns,22,deny,5141
2026-01-01 04:11:56,10.10.45.8,172.16.12.5,restricted,trust,unknown-udp,3389,allow,5302
2026-01-01 12:12:59,10.10.29.6,172.16.18.1,untrust,restricted,unknown-udp,443,allow,8256
2026-01-01 03:04:13,10.10.27.9,172.16.12.8,untrust,dmz,rdp,3389,deny,9319
2026-01-01 07:15:46,10.10.27.4,172.16.16.6,dmz,restricted,dns,53,allow,3018
2026-01-01 10:02:11,10.10.16.5,172.16.15.3,trust,dmz,unknown-tcp,80,allow,430
2026-01-01 09:56:25,10.10.40.9,172.16.17.7,untrust,trust,ssh,22,allow,3777
2026-01-01 04:27:28,10.10.17.6,172.16.12.4,trust,trust,ssh,3389,allow,2804
2026-01-01 09:18:32,10.10.35.5,172.16.16.8,restricted,untrust,dns,53,deny,1034
2026-01-01 22:30:35,10.10.15.2,172.16.8.7,untrust,untrust,rdp,22,allow,2278
2026-01-01 07:33:01,10.10.44.1,172.16.3.5,restricted,trust,ssh,4444,allow,8222
2026-01-01 13:42:27,10.10.30.2,172.16.16.7,trust,trust,unknown-udp,443,allow,493
2026-01-01 18:05:51,10.10.27.3,172.16.13.3,trust,restricted,dns,443,deny,2617
2026-01-01 05:42:01,10.10.13.4,172.16.6.3,dmz,dmz,dns,53,allow,6400
2026-01-01 19:39:28,10.10.42.2,172.16.18.5,dmz,dmz,web-browsing,22,allow,5455
2026-01-01 07:00:16,10.10.13.2,172.16.8.1,dmz,untrust,dns,53,allow,881
2026-01-01 20:44:09,10.10.32.1,172.16.12.7,untrust,restricted,unknown-tcp,443,allow,9773
2026-01-01 01:36:21,10.10.47.6,172.16.15.7,untrust,untrust,unknown-tcp,80,deny,9763
2026-01-01 06:30:19,10.10.19.9,172.16.14.9,trust,untrust,web-browsing,53,allow,4025
2026-01-01 00:08:01,10.10.6.9,172.16.8.1,trust,untrust,ssh,80,deny,437
2026-01-01 03:31:49,10.10.27.1,172.16.12.9,untrust,untrust,ssl,53,deny,93
2026-01-01 09:06:26,10.10.4.7,172.16.13.8,restricted,untrust,rdp,53,allow,7998
2026-01-01 12:01:54,10.10.34.5,172.16.2.1,untrust,dmz,ssl,445,allow,230
2026-01-01 14:37:02,10.10.99.99,172.16.13.9,restricted,trust,dns,3389,deny,890
2026-01-01 18:51:18,10.10.46.4,172.16.8.4,untrust,restricted,rdp,445,deny,1194
2026-01-01 07:30:50,10.10.42.9,172.16.12.8,trust,restricted,unknown-udp,4444,allow,6823
2026-01-01 16:41:14,10.10.31.8,172.16.8.6,dmz,trust,web-browsing,3389,allow,2854
2026-01-01 16:14:49,10.10.22.6,172.16.8.9,untrust,dmz,unknown-udp,22,allow,1031
2026-01-01 19:29:58,10.10.40.5,172.16.17.2,untrust,trust,unknown-udp,443,allow,6264
2026-01-01 01:48:56,10.10.32.4,172.16.4.2,dmz,untrust,dns,53,deny,5473
2026-01-01 22:47:13,10.10.45.9,172.16.9.4,dmz,untrust,rdp,22,allow,1364
2026-01-01 01:59:39,10.10.39.7,172.16.8.6,trust,trust,unknown-tcp,3389,deny,6339
2026-01-01 01:07:47,10.10.28.4,172.16.11.5,trust,trust,dns,53,allow,2636
2026-01-01 00:50:53,10.10.48.8,172.16.7.4,untrust,untrust,unknown-tcp,22,allow,6108
2026-01-01 20:30:46,10.10.4.3,172.16.15.4,dmz,trust,ssh,445,allow,6126
2026-01-01 16:54:10,10.10.40.8,172.16.8.7,trust,dmz,ssl,3389,allow,5960
2026-01-01 00:49:11,10.10.21.4,172.16.12.2,untrust,restricted,unknown-tcp,4444,deny,6507
2026-01-01 06:13:05,10.10.30.3,172.16.19.6,dmz,restricted,dns,3389,allow,9764
2026-01-01 12:37:41,10.10.9.1,172.16.14.7,dmz,restricted,web-browsing,80,allow,6973
2026-01-01 02:45:35,10.10.38.1,172.16.12.1,restricted,restricted,rdp,3389,allow,1152
2026-01-01 13:02:30,10.10.45.9,172.16.12.9,dmz,trust,rdp,445,allow,2012
2026-01-01 01:18:30,10.10.9.3,172.16.17.7,untrust,restricted,web-browsing,22,deny,4220
2026-01-01 08:25:55,10.10.1.1,172.16.11.5,dmz,restricted,web-browsing,4444,allow,3046
2026-01-01 00:17:14,10.10.13.8,172.16.14.6,dmz,untrust,unknown-tcp,443,allow,7186
2026-01-01 12:58:00,10.10.13.7,172.16.14.6,untrust,dmz,rdp,443,allow,1821
2026-01-01 04:33:33,10.10.29.1,172.16.7.2,untrust,restricted,web-browsing,80,allow,8460
2026-01-01 16:51:55,10.10.24.8,172.16.18.8,restricted,trust,unknown-udp,445,allow,3404
2026-01-01 22:09:05,10.10.3.7,172.16.13.5,trust,trust,unknown-udp,445,allow,2664
2026-01-01 12:41:37,10.10.22.4,172.16.13.5,untrust,dmz,unknown-tcp,443,allow,3279
2026-01-01 00:00:30,10.10.39.5,172.16.1.4,restricted,restricted,unknown-udp,53,allow,2175
2026-01-01 17:53:38,10.10.99.99,172.16.5.3,dmz,trust,ssl,3389,deny,3564
2026-01-01 11:39:39,10.10.39.8,172.16.10.8,untrust,dmz,ssl,53,deny,6346
2026-01-01 07:51:09,10.10.99.99,172.16.6.5,trust,trust,unknown-tcp,3389,deny,2792
2026-01-01 00:06:15,10.10.39.9,172.16.14.1,restricted,dmz,unknown-udp,53,allow,4308
2026-01-01 13:19:36,10.10.8.2,172.16.18.7,trust,dmz,unknown-tcp,22,allow,2348
2026-01-01 15:27:39,10.10.28.8,172.16.15.2,restricted,trust,unknown-udp,443,allow,2877
2026-01-01 22:13:28,10.10.99.99,172.16.10.7,trust,dmz,ssh,3389,deny,3118
2026-01-01 18:48:09,10.10.8.2,172.16.6.3,untrust,dmz,ssl,4444,allow,6565
2026-01-01 02:02:54,10.10.34.6,172.16.3.3,trust,dmz,ssl,80,allow,8903
2026-01-01 14:16:02,10.10.5.6,172.16.6.3,restricted,restricted,ssh,3389,allow,2744
2026-01-01 10:59:26,10.10.16.5,172.16.17.7,restricted,dmz,ssl,3389,allow,9752
2026-01-01 16:38:18,10.10.1.7,172.16.13.8,untrust,untrust,web-browsing,443,allow,5413
2026-01-01 04:49:38,10.10.43.9,172.16.12.6,dmz,untrust,dns,443,allow,8987
2026-01-01 09:09:44,10.10.8.9,172.16.17.1,dmz,dmz,web-browsing,4444,deny,4455
2026-01-01 03:38:18,10.10.26.3,172.16.12.8,restricted,dmz,web-browsing,4444,deny,7382
2026-01-01 15:55:29,10.10.48.1,172.16.19.8,restricted,trust,rdp,443,allow,8298
2026-01-01 14:51:20,10.10.30.9,172.16.4.4,restricted,restricted,ssl,4444,allow,3549
2026-01-01 23:42:08,10.10.26.3,172.16.18.7,trust,trust,rdp,4444,allow,3820
2026-01-01 09:51:13,10.10.16.2,172.16.12.3,dmz,trust,dns,80,allow,5492
2026-01-01 01:39:00,10.10.14.6,172.16.3.1,trust,trust,ssl,22,allow,8364
2026-01-01 20:21:03,10.10.40.2,172.16.15.2,trust,trust,rdp,3389,allow,9201
2026-01-01 17:18:35,10.10.31.5,172.16.12.2,restricted,dmz,web-browsing,443,deny,9781
2026-01-01 12:42:22,10.10.33.2,172.16.19.2,untrust,dmz,ssl,445,allow,8460
2026-01-01 13:00:46,10.10.19.9,172.16.14.3,restricted,restricted,ssl,3389,deny,4524
2026-01-01 10:10:17,10.10.28.3,172.16.15.3,dmz,untrust,rdp,445,deny,9839
2026-01-01 20:03:09,10.10.8.6,172.16.5.1,untrust,dmz,dns,80,allow,6050
2026-01-01 09:43:08,10.10.7.9,172.16.19.4,restricted,restricted,ssh,3389,allow,8991
2026-01-01 22:29:34,10.10.23.9,172.16.12.7,dmz,dmz,ssh,443,allow,7552
2026-01-01 20:26:14,10.10.4.6,172.16.9.8,restricted,untrust,ssh,445,deny,1031
2026-01-01 02:11:03,10.10.36.4,172.16.5.4,dmz,trust,ssh,3389,deny,2867
2026-01-01 10:15:41,10.10.39.7,172.16.17.3,dmz,restricted,web-browsing,80,deny,7560
2026-01-01 07:51:24,10.10.40.5,172.16.3.9,dmz,dmz,web-browsing,3389,deny,7859
2026-01-01 14:02:34,10.10.41.9,172.16.2.6,untrust,restricted,ssl,53,allow,6886
2026-01-01 15:16:12,10.10.49.3,172.16.7.7,dmz,restricted,ssh,3389,allow,4040
2026-01-01 00:03:47,10.10.4.7,172.16.9.3,restricted,restricted,web-browsing,3389,allow,3399
2026-01-01 21:16:16,10.10.27.2,172.16.6.4,untrust,trust,unknown-tcp,22,deny,6203
2026-01-01 02:42:31,10.10.44.2,172.16.18.4,untrust,restricted,ssh,80,deny,1671
2026-01-01 00:39:39,10.10.32.5,172.16.19.6,untrust,trust,unknown-tcp,4444,allow,2798
2026-01-01 20:55:36,10.10.49.2,172.16.17.5,trust,untrust,dns,53,allow,410
2026-01-01 22:16:51,10.10.48.4,172.16.18.9,trust,trust,web-browsing,3389,allow,9742
2026-01-01 14:30:01,10.10.33.8,172.16.15.5,dmz,dmz,rdp,22,allow,7476
2026-01-01 02:45:56,10.10.44.1,172.16.4.2,trust,untrust,rdp,22,allow,2600
2026-01-01 13:33:49,10.10.16.3,172.16.2.4,trust,untrust,dns,3389,allow,4340
2026-01-01 02:08:44,10.10.39.6,172.16.5.9,dmz,untrust,unknown-tcp,53,deny,9577
2026-01-01 20:58:07,10.10.99.99,172.16.18.1,dmz,untrust,unknown-tcp,3389,deny,1917
2026-01-01 15:55:34,10.10.4.2,172.16.1.7,dmz,trust,dns,3389,allow,3465
2026-01-01 04:05:00,10.10.28.2,172.16.15.9,untrust,untrust,ssh,80,allow,4948
2026-01-01 22:57:41,10.10.40.9,172.16.19.9,restricted,trust,ssl,53,allow,3033
2026-01-01 17:38:00,10.10.47.7,172.16.11.6,restricted,dmz,unknown-udp,445,deny,3503
2026-01-01 15:06:26,10.10.36.5,172.16.2.8,untrust,restricted,rdp,443,deny,8737
2026-01-01 10:25:09,10.10.29.3,172.16.13.1,trust,trust,dns,80,allow,7145
2026-01-01 23:14:33,10.10.34.7,172.16.11.9,dmz,dmz,unknown-udp,443,allow,6430
2026-01-01 21:27:15,10.10.10.5,172.16.14.5,dmz,dmz,rdp,445,allow,7142
2026-01-01 07:21:20,10.10.22.2,172.16.4.5,trust,dmz,web-browsing,443,deny,8305
2026-01-01 17:34:11,10.10.20.4,172.16.15.3,restricted,restricted,ssl,22,allow,1777
2026-01-01 00:15:10,10.10.30.7,172.16.15.9,dmz,dmz,unknown-udp,53,allow,1460
2026-01-01 04:59:32,10.10.42.4,172.16.14.5,untrust,dmz,dns,80,allow,1991
2026-01-01 13:00:19,10.10.14.7,172.16.6.5,untrust,untrust,ssl,80,allow,79
2026-01-01 14:50:33,10.10.48.4,172.16.8.2,untrust,dmz,ssl,443,deny,3507
2026-01-01 21:16:41,10.10.14.7,172.16.4.6,restricted,dmz,web-browsing,4444,allow,2268
2026-01-01 16:00:35,10.10.8.8,172.16.19.6,dmz,untrust,web-browsing,445,deny,1997
2026-01-01 03:38:56,10.10.35.9,172.16.17.8,untrust,dmz,dns,4444,allow,6668
2026-01-01 02:45:58,10.10.38.5,172.16.3.8,dmz,dmz,unknown-udp,445,deny,427
2026-01-01 02:45:59,10.10.20.3,172.16.12.8,restricted,restricted,unknown-udp,53,allow,5881
2026-01-01 22:03:45,10.10.48.3,172.16.16.8,restricted,untrust,rdp,3389,allow,4386
2026-01-01 04:28:44,10.10.34.3,172.16.9.4,dmz,dmz,ssl,22,allow,6647
2026-01-01 19:53:10,10.10.18.5,172.16.1.5,untrust,untrust,ssh,4444,deny,3469
2026-01-01 15:32:13,10.10.33.8,172.16.9.3,dmz,untrust,unknown-tcp,53,allow,7047
2026-01-01 12:19:35,10.10.37.7,172.16.4.8,untrust,restricted,rdp,445,allow,3888
2026-01-01 15:24:42,10.10.20.3,172.16.5.4,dmz,untrust,unknown-tcp,53,allow,6310
2026-01-01 03:10:55,10.10.48.5,172.16.17.1,untrust,trust,rdp,22,allow,9532
2026-01-01 14:07:45,10.10.10.4,172.16.2.9,dmz,restricted,web-browsing,22,deny,4706
2026-01-01 04:02:28,10.10.44.7,172.16.15.5,untrust,dmz,rdp,3389,allow,9488
2026-01-01 07:00:56,10.10.39.1,172.16.19.9,untrust,untrust,dns,80,deny,3843
2026-01-01 15:41:56,10.10.42.4,172.16.1.9,trust,trust,ssl,4444,allow,76
2026-01-01 22:03:50,10.10.35.1,172.16.12.7,trust,dmz,ssl,445,deny,6896
2026-01-01 02:39:37,10.10.16.2,172.16.17.4,dmz,dmz,ssl,443,allow,208
2026-01-01 22:41:09,10.10.14.8,172.16.9.6,restricted,dmz,unknown-udp,22,allow,3221
2026-01-01 14:41:22,10.10.25.5,172.16.15.3,dmz,untrust,unknown-udp,53,allow,3753
2026-01-01 14:32:13,10.10.31.4,172.16.15.5,untrust,restricted,unknown-tcp,445,deny,1929
2026-01-01 12:42:22,10.10.6.8,172.16.1.3,trust,dmz,unknown-udp,22,allow,1814
2026-01-01 19:24:39,10.10.40.7,172.16.10.5,untrust,restricted,unknown-udp,445,allow,6907
2026-01-01 16:03:04,10.10.42.2,172.16.11.9,restricted,restricted,rdp,22,allow,3545
2026-01-01 11:10:26,10.10.37.8,172.16.6.3,restricted,restricted,web-browsing,53,allow,711
2026-01-01 18:31:31,10.10.9.2,172.16.1.5,restricted,dmz,dns,445,allow,2683
2026-01-01 11:51:10,10.10.9.5,172.16.13.2,restricted,dmz,unknown-tcp,4444,allow,2560
2026-01-01 07:19:05,10.10.5.8,172.16.16.5,untrust,untrust,ssl,443,allow,8265
2026-01-01 10:55:44,10.10.49.6,172.16.15.8,untrust,restricted,dns,4444,allow,8164
2026-01-01 01:40:59,10.10.23.9,172.16.3.6,untrust,restricted,unknown-udp,22,deny,5248
2026-01-01 09:02:32,10.10.15.1,172.16.4.7,untrust,trust,rdp,80,allow,4791
2026-01-01 14:39:28,10.10.99.99,172.16.13.7,trust,dmz,ssh,3389,deny,5568
2026-01-01 23:05:14,10.10.35.1,172.16.6.1,trust,untrust,rdp,80,deny,7697
2026-01-01 22:36:35,10.10.39.8,172.16.13.9,restricted,untrust,ssh,445,allow,2867
2026-01-01 04:50:54,10.10.7.9,172.16.17.4,untrust,restricted,web-browsing,80,allow,1086
2026-01-01 06:40:20,10.10.42.8,172.16.19.9,trust,untrust,rdp,80,allow,4848
2026-01-01 19:00:08,10.10.3.6,172.16.17.2,restricted,restricted,unknown-udp,445,deny,5890
2026-01-01 05:24:55,10.10.41.5,172.16.18.9,restricted,restricted,web-browsing,22,allow,5042
2026-01-01 13:19:50,10.10.27.2,172.16.16.2,trust,trust,unknown-tcp,80,allow,1154
2026-01-01 17:45:28,10.10.37.6,172.16.1.8,trust,restricted,unknown-udp,4444,deny,9883
2026-01-01 13:23:53,10.10.5.4,172.16.14.5,restricted,restricted,unknown-tcp,80,allow,3762
2026-01-01 13:04:44,10.10.99.99,172.16.19.4,trust,trust,dns,3389,deny,971
2026-01-01 19:48:11,10.10.17.2,172.16.9.3,trust,dmz,unknown-tcp,3389,deny,5932
2026-01-01 09:44:54,10.10.99.99,172.16.13.5,trust,dmz,web-browsing,3389,deny,8951
2026-01-01 06:47:02,10.10.21.7,172.16.11.8,untrust,trust,dns,445,allow,3091
2026-01-01 03:14:11,10.10.12.2,172.16.2.4,trust,restricted,unknown-tcp,80,allow,8457
2026-01-01 21:55:11,10.10.99.99,172.16.8.7,untrust,restricted,ssl,3389,deny,2947
2026-01-01 12:53:33,10.10.1.2,172.16.10.4,untrust,untrust,dns,3389,deny,4706
2026-01-01 10:19:14,10.10.10.7,172.16.7.8,trust,trust,ssl,53,allow,927
2026-01-01 22:02:44,10.10.12.5,172.16.13.1,trust,restricted,dns,22,allow,5548
2026-01-01 06:32:08,10.10.41.1,172.16.18.2,trust,untrust,rdp,53,allow,6475
2026-01-01 23:34:18,10.10.44.1,172.16.12.8,untrust,untrust,ssl,443,deny,3438
2026-01-01 16:35:16,10.10.37.3,172.16.19.6,untrust,restricted,unknown-udp,443,allow,853
2026-01-01 16:32:50,10.10.32.7,172.16.9.8,restricted,trust,web-browsing,443,allow,3461
2026-01-01 06:43:11,10.10.3.6,172.16.10.4,untrust,dmz,unknown-udp,443,allow,4483
2026-01-01 02:22:05,10.10.20.9,172.16.10.1,dmz,untrust,unknown-udp,80,allow,1120
2026-01-01 09:26:35,10.10.18.7,172.16.17.7,dmz,trust,rdp,445,deny,4136
2026-01-01 23:13:23,10.10.99.99,172.16.14.2,trust,dmz,ssh,3389,deny,4612
2026-01-01 16:16:51,10.10.31.6,172.16.6.1,restricted,restricted,unknown-tcp,3389,allow,6441
2026-01-01 21:07:23,10.10.41.1,172.16.16.8,trust,restricted,ssh,22,allow,6052
2026-01-01 09:40:35,10.10.13.2,172.16.16.1,dmz,untrust,rdp,445,deny,9235
2026-01-01 22:26:45,10.10.22.5,172.16.10.2,untrust,restricted,unknown-udp,22,allow,9557
2026-01-01 00:53:38,10.10.11.8,172.16.12.4,restricted,untrust,rdp,22,allow,3460
2026-01-01 03:33:23,10.10.8.9,172.16.13.4,dmz,dmz,rdp,4444,deny,4507
2026-01-01 09:40:59,10.10.11.7,172.16.19.4,trust,trust,unknown-tcp,53,allow,719
2026-01-01 21:40:16,10.10.9.7,172.16.4.8,dmz,untrust,ssh,3389,allow,6224
2026-01-01 23:32:33,10.10.39.3,172.16.14.2,untrust,untrust,rdp,53,allow,6165
2026-01-01 12:19:40,10.10.43.2,172.16.3.2,untrust,dmz,unknown-tcp,22,deny,6438
2026-01-01 10:57:34,10.10.99.99,172.16.12.1,restricted,untrust,ssl,3389,deny,7737
2026-01-01 09:25:34,10.10.49.4,172.16.2.3,untrust,trust,unknown-udp,80,allow,3403
2026-01-01 01:22:18,10.10.16.3,172.16.4.3,untrust,untrust,ssl,4444,allow,4227
2026-01-01 23:59:48,10.10.44.5,172.16.14.1,untrust,untrust,rdp,3389,deny,4435
2026-01-01 20:55:08,10.10.27.8,172.16.17.2,dmz,dmz,unknown-tcp,22,allow,5961
2026-01-01 14:39:38,10.10.6.2,172.16.14.7,dmz,restricted,ssh,4444,allow,6848
2026-01-01 00:27:42,10.10.1.5,172.16.9.1,trust,trust,rdp,4444,deny,5985
2026-01-01 15:11:52,10.10.30.1,172.16.13.1,restricted,dmz,unknown-tcp,3389,allow,2523
2026-01-01 23:09:33,10.10.42.2,172.16.15.2,trust,restricted,dns,445,allow,8159
2026-01-01 23:32:05,10.10.37.6,172.16.5.6,restricted,restricted,unknown-udp,443,deny,5891
2026-01-01 08:18:57,10.10.17.1,172.16.1.2,dmz,dmz,dns,53,allow,2101
2026-01-01 11:14:40,10.10.45.3,172.16.8.4,dmz,restricted,rdp,4444,allow,1007
2026-01-01 03:40:32,10.10.3.8,172.16.14.4,untrust,dmz,unknown-udp,80,allow,4206
2026-01-01 22:10:26,10.10.41.2,172.16.2.2,trust,dmz,rdp,445,deny,630
2026-01-01 05:07:31,10.10.2.8,172.16.2.6,restricted,dmz,dns,53,allow,9544
2026-01-01 03:12:38,10.10.21.5,172.16.18.9,untrust,restricted,dns,4444,allow,9292
2026-01-01 20:35:19,10.10.43.9,172.16.7.3,trust,dmz,ssh,80,deny,4456
2026-01-01 16:28:03,10.10.30.2,172.16.4.9,untrust,dmz,web-browsing,80,deny,6522
2026-01-01 06:45:37,10.10.99.99,172.16.6.1,untrust,trust,unknown-tcp,3389,deny,7494
2026-01-01 09:46:17,10.10.16.9,172.16.1.2,dmz,trust,unknown-udp,80,deny,8464
2026-01-01 10:15:59,10.10.40.9,172.16.18.2,restricted,untrust,ssh,445,deny,6567
2026-01-01 16:42:03,10.10.11.7,172.16.15.5,dmz,dmz,ssh,445,allow,1769
2026-01-01 07:44:16,10.10.6.9,172.16.7.6,dmz,dmz,dns,445,allow,5417
2026-01-01 03:10:09,10.10.2.1,172.16.3.4,trust,trust,unknown-udp,22,allow,6162
2026-01-01 19:34:00,10.10.44.3,172.16.3.4,dmz,untrust,ssh,22,deny,8001
2026-01-01 02:27:41,10.10.14.6,172.16.19.7,dmz,dmz,web-browsing,80,deny,9685
2026-01-01 04:43:44,10.10.12.1,172.16.12.7,dmz,trust,unknown-tcp,445,deny,130
2026-01-01 06:46:03,10.10.6.8,172.16.1.2,untrust,trust,unknown-udp,445,allow,6174
2026-01-01 12:08:47,10.10.32.9,172.16.11.6,restricted,untrust,unknown-udp,443,allow,5073
2026-01-01 18:04:21,10.10.49.5,172.16.8.9,trust,restricted,unknown-tcp,443,allow,3931
2026-01-01 16:06:02,10.10.17.4,172.16.4.6,restricted,dmz,web-browsing,80,allow,6121
2026-01-01 22:27:31,10.10.8.7,172.16.8.2,dmz,restricted,unknown-tcp,3389,allow,1363
2026-01-01 23:48:14,10.10.36.4,172.16.7.6,trust,restricted,unknown-udp,53,allow,564
2026-01-01 20:40:07,10.10.38.9,172.16.5.8,untrust,dmz,dns,53,deny,513
2026-01-01 06:32:32,10.10.25.7,172.16.1.1,untrust,trust,dns,3389,allow,6883
2026-01-01 21:13:19,10.10.31.6,172.16.19.1,restricted,dmz,ssh,3389,allow,9027
2026-01-01 15:51:19,10.10.4.9,172.16.13.1,untrust,restricted,dns,443,deny,201
2026-01-01 21:35:11,10.10.20.5,172.16.15.5,restricted,restricted,rdp,4444,allow,2805
2026-01-01 04:57:05,10.10.12.9,172.16.18.4,dmz,dmz,ssl,445,allow,6638
2026-01-01 20:39:30,10.10.37.4,172.16.6.6,dmz,dmz,rdp,53,deny,2071
2026-01-01 17:29:45,10.10.23.9,172.16.17.5,trust,restricted,rdp,3389,allow,2473
2026-01-01 18:46:25,10.10.99.99,172.16.1.4,untrust,restricted,dns,3389,deny,9863
2026-01-01 12:25:39,10.10.7.7,172.16.16.3,restricted,restricted,dns,22,deny,5446
2026-01-01 11:34:32,10.10.31.2,172.16.5.7,untrust,dmz,rdp,445,allow,7257
2026-01-01 17:28:57,10.10.48.4,172.16.7.9,untrust,restricted,web-browsing,53,allow,2266
2026-01-01 16:50:11,10.10.5.7,172.16.19.1,dmz,dmz,rdp,80,allow,4447
2026-01-01 15:47:28,10.10.38.8,172.16.19.8,trust,untrust,rdp,53,allow,692
2026-01-01 06:30:07,10.10.21.2,172.16.19.4,trust,dmz,rdp,80,allow,1629
2026-01-01 00:55:47,10.10.41.6,172.16.4.6,dmz,dmz,ssl,443,deny,5857
2026-01-01 20:31:21,10.10.40.6,172.16.10.9,trust,restricted,web-browsing,3389,allow,4440
2026-01-01 18:09:24,10.10.2.7,172.16.5.8,restricted,trust,ssh,80,deny,6089
2026-01-01 11:40:07,10.10.43.9,172.16.9.6,dmz,trust,unknown-udp,53,allow,7859
2026-01-01 19:03:30,10.10.99.99,172.16.7.5,dmz,untrust,dns,3389,deny,5079
2026-01-01 20:24:53,10.10.21.9,172.16.11.1,restricted,untrust,unknown-tcp,443,allow,3736
2026-01-01 15:45:24,10.10.4.2,172.16.2.1,dmz,restricted,ssl,4444,deny,107
2026-01-01 01:23:00,10.10.22.5,172.16.13.5,trust,untrust,unknown-udp,4444,allow,2878
2026-01-01 11:38:23,10.10.32.6,172.16.8.2,trust,dmz,ssh,22,allow,3318
2026-01-01 04:42:12,10.10.34.9,172.16.4.1,restricted,dmz,unknown-tcp,443,deny,3354
2026-01-01 18:46:10,10.10.33.4,172.16.4.9,trust,dmz,unknown-tcp,445,allow,3955
2026-01-01 08:44:22,10.10.99.99,172.16.9.8,restricted,restricted,ssh,3389,deny,9158
2026-01-01 15:02:41,10.10.25.8,172.16.19.1,restricted,dmz,unknown-udp,80,deny,8359
2026-01-01 08:38:05,10.10.23.6,172.16.13.3,untrust,trust,rdp,4444,deny,2875
2026-01-01 07:03:14,10.10.1.8,172.16.18.3,untrust,restricted,dns,53,allow,8812
2026-01-01 23:13:08,10.10.28.2,172.16.9.8,restricted,dmz,ssh,443,allow,7933
2026-01-01 01:48:37,10.10.12.8,172.16.16.7,untrust,dmz,rdp,3389,deny,2331
2026-01-01 06:32:08,10.10.8.3,172.16.10.5,dmz,trust,dns,4444,allow,1142
2026-01-01 05:33:11,10.10.45.4,172.16.2.6,untrust,dmz,ssh,445,allow,658
2026-01-01 03:41:13,10.10.36.6,172.16.5.1,untrust,untrust,unknown-udp,53,allow,9516
2026-01-01 15:34:24,10.10.9.8,172.16.13.4,dmz,trust,ssh,3389,allow,1271
2026-01-01 04:26:11,10.10.99.99,172.16.4.8,dmz,dmz,dns,3389,deny,2754
2026-01-01 17:49:02,10.10.14.4,172.16.15.4,restricted,restricted,web-browsing,445,allow,6825
2026-01-01 08:01:27,10.10.13.8,172.16.14.6,trust,untrust,dns,445,deny,3828
2026-01-01 01:35:15,10.10.36.4,172.16.7.1,trust,restricted,rdp,443,allow,9280
2026-01-01 05:46:06,10.10.8.5,172.16.2.1,dmz,restricted,web-browsing,3389,allow,8427
2026-01-01 19:38:15,10.10.5.6,172.16.10.4,dmz,restricted,web-browsing,445,deny,1837
2026-01-01 20:59:57,10.10.99.99,172.16.13.6,dmz,dmz,unknown-tcp,3389,deny,9715
2026-01-01 16:38:16,10.10.37.7,172.16.12.7,untrust,untrust,rdp,445,deny,8052
2026-01-01 05:32:09,10.10.27.9,172.16.14.2,restricted,restricted,ssl,53,deny,906
2026-01-01 06:23:17,10.10.28.8,172.16.11.2,trust,trust,rdp,53,allow,6999
2026-01-01 06:27:34,10.10.23.9,172.16.2.4,dmz,dmz,rdp,22,allow,5492
2026-01-01 14:27:19,10.10.49.8,172.16.16.7,restricted,restricted,ssh,443,allow,2613
2026-01-01 22:57:05,10.10.15.4,172.16.2.4,untrust,untrust,web-browsing,4444,allow,4178
2026-01-01 13:03:47,10.10.10.2,172.16.2.8,trust,trust,dns,445,allow,6431
2026-01-01 08:56:52,10.10.14.8,172.16.12.5,dmz,trust,rdp,3389,allow,785
2026-01-01 07:59:41,10.10.34.3,172.16.5.6,untrust,dmz,unknown-tcp,53,deny,7629
2026-01-01 11:57:18,10.10.4.3,172.16.8.7,dmz,dmz,unknown-udp,445,allow,7226
2026-01-01 12:48:38,10.10.27.6,172.16.1.4,restricted,dmz,dns,443,allow,4243
2026-01-01 04:08:02,10.10.44.3,172.16.12.2,dmz,untrust,ssl,445,deny,7451
2026-01-01 20:31:22,10.10.28.8,172.16.9.2,dmz,untrust,ssl,4444,deny,3617
2026-01-01 05:42:59,10.10.31.3,172.16.12.4,trust,untrust,dns,4444,allow,5312
2026-01-01 01:00:39,10.10.24.4,172.16.18.9,trust,restricted,ssh,53,allow,9834
2026-01-01 12:56:29,10.10.34.2,172.16.14.1,trust,restricted,web-browsing,445,allow,2021
2026-01-01 23:15:11,10.10.4.4,172.16.17.6,dmz,trust,unknown-udp,3389,allow,8705
2026-01-01 11:24:54,10.10.99.99,172.16.5.5,restricted,untrust,ssl,3389,deny,4100
2026-01-01 10:13:09,10.10.16.7,172.16.11.1,untrust,trust,dns,3389,allow,6449
2026-01-01 11:21:14,10.10.41.9,172.16.8.1,untrust,untrust,dns,3389,allow,9680
2026-01-01 03:41:31,10.10.99.99,172.16.4.2,trust,untrust,unknown-udp,3389,deny,1852
2026-01-01 01:50:28,10.10.20.5,172.16.6.6,dmz,dmz,unknown-udp,80,allow,7583
2026-01-01 02:29:47,10.10.33.1,172.16.7.3,dmz,trust,unknown-udp,22,allow,6775
2026-01-01 20:58:48,10.10.48.1,172.16.19.7,trust,trust,dns,4444,allow,569
2026-01-01 05:23:10,10.10.37.1,172.16.2.9,untrust,restricted,unknown-udp,22,allow,9887
2026-01-01 23:26:44,10.10.38.7,172.16.3.6,untrust,untrust,ssh,80,deny,8268
2026-01-01 11:47:36,10.10.27.2,172.16.4.4,restricted,restricted,ssl,53,allow,5960
2026-01-01 04:10:32,10.10.40.8,172.16.16.7,restricted,restricted,web-browsing,443,allow,5234
2026-01-01 18:20:45,10.10.23.1,172.16.13.9,restricted,dmz,rdp,53,allow,2439
2026-01-01 06:32:40,10.10.99.99,172.16.14.6,untrust,untrust,ssh,3389,deny,6371
2026-01-01 03:42:31,10.10.38.5,172.16.1.9,untrust,restricted,ssl,3389,deny,671
2026-01-01 20:02:15,10.10.99.99,172.16.3.8,trust,dmz,rdp,3389,deny,1158
2026-01-01 07:18:10,10.10.37.5,172.16.8.3,trust,trust,dns,4444,allow,5011
2026-01-01 10:34:16,10.10.44.1,172.16.13.5,trust,untrust,unknown-udp,443,allow,2959
2026-01-01 10:37:05,10.10.25.6,172.16.7.3,restricted,trust,ssl,53,allow,6167
2026-01-01 23:48:46,10.10.15.1,172.16.10.2,untrust,trust,rdp,4444,allow,5458
2026-01-01 17:32:02,10.10.25.1,172.16.16.9,untrust,restricted,unknown-tcp,80,deny,1131
2026-01-01 04:37:07,10.10.11.9,172.16.11.4,trust,trust,web-browsing,3389,allow,3020
2026-01-01 20:09:39,10.10.14.6,172.16.13.6,untrust,trust,unknown-tcp,4444,deny,6993
2026-01-01 11:36:43,10.10.13.7,172.16.3.7,dmz,trust,rdp,443,deny,4024
2026-01-01 19:22:17,10.10.42.3,172.16.14.7,trust,dmz,dns,4444,allow,6413
2026-01-01 00:13:42,10.10.30.4,172.16.19.1,restricted,trust,ssl,80,allow,3040
2026-01-01 02:58:02,10.10.46.1,172.16.13.4,restricted,untrust,unknown-udp,53,allow,9600
2026-01-01 05:17:04,10.10.39.8,172.16.4.1,untrust,dmz,web-browsing,3389,allow,8370
2026-01-01 09:22:58,10.10.15.4,172.16.19.5,trust,trust,ssl,3389,allow,1379
2026-01-01 03:15:02,10.10.5.9,172.16.15.1,restricted,untrust,ssh,4444,allow,5124
2026-01-01 06:34:20,10.10.7.7,172.16.18.1,restricted,trust,unknown-udp,22,allow,4523
2026-01-01 02:33:39,10.10.44.8,172.16.8.8,restricted,untrust,web-browsing,445,allow,5046
2026-01-01 01:59:02,10.10.99.99,172.16.18.3,untrust,dmz,web-browsing,3389,deny,7976
2026-01-01 07:33:44,10.10.39.7,172.16.18.8,restricted,trust,web-browsing,53,deny,2100
2026-01-01 17:32:50,10.10.16.5,172.16.15.4,restricted,trust,web-browsing,445,allow,4671
2026-01-01 07:40:57,10.10.21.8,172.16.8.2,trust,untrust,unknown-udp,53,allow,7028
2026-01-01 09:15:30,10.10.41.1,172.16.4.2,dmz,dmz,ssl,4444,allow,2816
2026-01-01 01:08:23,10.10.23.5,172.16.14.2,restricted,trust,unknown-udp,53,allow,3403
2026-01-01 03:43:47,10.10.18.6,172.16.8.8,trust,untrust,ssh,53,allow,5035
2026-01-01 00:06:07,10.10.1.6,172.16.9.5,untrust,dmz,dns,445,allow,986
2026-01-01 15:29:45,10.10.49.9,172.16.14.6,dmz,untrust,unknown-udp,80,allow,9328
2026-01-01 01:19:06,10.10.32.5,172.16.19.1,untrust,restricted,ssh,443,allow,8130
2026-01-01 10:00:58,10.10.34.8,172.16.7.6,trust,dmz,ssl,53,allow,1191
2026-01-01 16:19:30,10.10.28.1,172.16.9.7,restricted,dmz,ssl,3389,deny,2832
2026-01-01 07:46:39,10.10.19.2,172.16.8.7,dmz,dmz,unknown-udp,445,deny,5049
2026-01-01 09:25:35,10.10.12.5,172.16.14.8,trust,dmz,ssl,22,allow,1608
2026-01-01 07:58:14,10.10.99.99,172.16.14.8,dmz,untrust,web-browsing,3389,deny,7417
2026-01-01 13:08:01,10.10.49.3,172.16.19.5,dmz,restricted,unknown-udp,53,deny,7850
2026-01-01 18:07:50,10.10.33.6,172.16.17.2,untrust,untrust,web-browsing,3389,allow,6842
2026-01-01 20:11:09,10.10.4.4,172.16.16.8,dmz,trust,ssl,3389,allow,3663
2026-01-01 09:42:41,10.10.42.5,172.16.3.5,untrust,dmz,web-browsing,53,deny,494
2026-01-01 17:42:52,10.10.20.9,172.16.12.6,untrust,restricted,unknown-udp,443,allow,2879
2026-01-01 23:33:59,10.10.15.6,172.16.10.6,trust,dmz,rdp,53,allow,185
2026-01-01 09:54:13,10.10.30.6,172.16.2.7,restricted,trust,unknown-tcp,80,allow,1831
2026-01-01 07:51:07,10.10.9.7,172.16.14.3,dmz,trust,unknown-udp,443,deny,7828
2026-01-01 08:22:04,10.10.32.1,172.16.19.5,trust,trust,rdp,80,allow,2637
2026-01-01 20:33:36,10.10.1.6,172.16.16.6,dmz,restricted,ssl,445,deny,2052
2026-01-01 17:09:14,10.10.37.1,172.16.16.8,restricted,dmz,ssh,443,deny,292
2026-01-01 15:36:13,10.10.18.5,172.16.11.8,dmz,dmz,ssh,53,deny,5399
2026-01-01 00:33:16,10.10.7.1,172.16.14.6,trust,restricted,ssh,22,allow,5061
2026-01-01 14:11:05,10.10.47.5,172.16.15.4,dmz,restricted,ssl,53,allow,8105
2026-01-01 21:38:01,10.10.36.1,172.16.17.3,untrust,restricted,ssl,53,deny,5204
2026-01-01 23:47:22,10.10.30.6,172.16.6.3,untrust,trust,web-browsing,443,allow,6757
2026-01-01 07:06:14,10.10.22.2,172.16.13.2,dmz,trust,dns,22,allow,3565
2026-01-01 10:15:19,10.10.47.3,172.16.6.5,dmz,untrust,ssl,4444,allow,798
2026-01-01 05:04:05,10.10.21.4,172.16.7.5,trust,untrust,rdp,4444,deny,5715
2026-01-01 03:41:30,10.10.25.6,172.16.2.4,dmz,trust,ssl,3389,allow,5320
2026-01-01 13:16:10,10.10.25.3,172.16.6.8,untrust,dmz,rdp,22,allow,4697
2026-01-01 09:28:18,10.10.18.5,172.16.17.6,untrust,restricted,ssl,445,deny,2649
2026-01-01 04:49:10,10.10.33.3,172.16.14.1,restricted,trust,dns,80,allow,338
2026-01-01 07:53:09,10.10.18.7,172.16.19.2,trust,dmz,ssl,80,allow,8799
2026-01-01 16:29:32,10.10.30.8,172.16.1.5,untrust,dmz,unknown-tcp,53,allow,2304
2026-01-01 09:16:43,10.10.36.7,172.16.16.8,restricted,dmz,unknown-udp,53,deny,8185
2026-01-01 06:03:40,10.10.13.8,172.16.17.5,restricted,trust,web-browsing,80,allow,4715
2026-01-01 18:25:54,10.10.15.8,172.16.7.5,untrust,restricted,ssl,53,deny,2234
2026-01-01 23:31:41,10.10.39.4,172.16.8.6,dmz,untrust,unknown-tcp,80,deny,7835
2026-01-01 22:23:51,10.10.29.5,172.16.12.3,dmz,untrust,web-browsing,22,allow,2682
2026-01-01 22:25:49,10.10.99.99,172.16.3.4,trust,dmz,rdp,3389,deny,6267
2026-01-01 11:20:31,10.10.37.9,172.16.1.1,restricted,trust,ssl,443,deny,8703
2026-01-01 00:42:31,10.10.28.7,172.16.17.8,restricted,untrust,unknown-tcp,3389,allow,5559
2026-01-01 11:20:04,10.10.7.1,172.16.4.8,untrust,dmz,rdp,4444,deny,3883
2026-01-01 09:33:18,10.10.5.2,172.16.9.7,dmz,untrust,unknown-tcp,3389,allow,3097
2026-01-01 02:45:27,10.10.12.3,172.16.2.7,dmz,restricted,rdp,445,allow,9707
2026-01-01 00:39:37,10.10.2.1,172.16.10.7,untrust,trust,dns,3389,allow,1591
2026-01-01 01:15:57,10.10.4.9,172.16.13.7,untrust,dmz,web-browsing,80,allow,4816
2026-01-01 05:43:34,10.10.19.4,172.16.15.9,restricted,restricted,ssh,443,allow,3703
2026-01-01 14:58:45,10.10.29.2,172.16.15.4,restricted,restricted,web-browsing,3389,allow,5407
2026-01-01 16:18:32,10.10.43.6,172.16.14.7,restricted,trust,web-browsing,443,allow,5431
2026-01-01 14:09:02,10.10.8.3,172.16.11.3,untrust,trust,web-browsing,80,allow,3581
2026-01-01 14:26:28,10.10.41.5,172.16.9.2,dmz,restricted,dns,443,allow,8380
2026-01-01 12:59:15,10.10.15.5,172.16.10.4,trust,dmz,ssl,445,allow,196
2026-01-01 22:47:46,10.10.49.4,172.16.6.5,trust,dmz,dns,80,deny,3022
2026-01-01 11:03:46,10.10.6.8,172.16.5.5,untrust,trust,unknown-udp,4444,allow,2662
2026-01-01 19:48:36,10.10.27.5,172.16.11.4,restricted,untrust,unknown-udp,80,allow,8531
2026-01-01 17:32:25,10.10.9.2,172.16.18.9,dmz,dmz,ssl,443,allow,4639
2026-01-01 16:12:17,10.10.17.3,172.16.10.6,trust,dmz,unknown-udp,443,allow,8016
2026-01-01 23:34:07,10.10.48.1,172.16.11.3,dmz,trust,unknown-udp,53,allow,9274
2026-01-01 04:34:43,10.10.99.99,172.16.7.6,dmz,trust,unknown-udp,3389,deny,8902
2026-01-01 23:48:16,10.10.37.4,172.16.12.2,untrust,restricted,dns,80,allow,5318
2026-01-01 00:07:15,10.10.36.3,172.16.1.1,trust,trust,ssh,53,allow,166
2026-01-01 03:43:33,10.10.35.8,172.16.19.2,trust,restricted,unknown-tcp,3389,allow,2531
2026-01-01 02:34:26,10.10.45.6,172.16.5.3,untrust,untrust,ssl,22,allow,1980
2026-01-01 05:30:42,10.10.49.4,172.16.4.2,trust,untrust,dns,445,allow,2780
2026-01-01 01:41:54,10.10.48.1,172.16.4.1,restricted,restricted,unknown-tcp,3389,allow,4180
2026-01-01 04:27:28,10.10.99.99,172.16.17.6,dmz,dmz,ssl,3389,deny,8102
2026-01-01 23:03:03,10.10.16.3,172.16.18.4,restricted,restricted,ssl,3389,deny,2029
2026-01-01 07:17:44,10.10.36.5,172.16.6.2,trust,untrust,ssh,4444,allow,4964
2026-01-01 20:05:25,10.10.22.3,172.16.2.3,dmz,trust,unknown-udp,443,allow,3548
2026-01-01 18:42:10,10.10.5.3,172.16.11.4,untrust,dmz,unknown-tcp,53,allow,7064
2026-01-01 13:06:51,10.10.26.3,172.16.5.4,dmz,untrust,ssl,3389,allow,269
2026-01-01 23:53:28,10.10.24.5,172.16.18.1,trust,restricted,ssl,80,allow,2001
2026-01-01 20:07:08,10.10.30.6,172.16.3.7,restricted,untrust,web-browsing,4444,deny,6487
2026-01-01 09:19:10,10.10.36.7,172.16.18.7,trust,restricted,rdp,53,allow,6446
2026-01-01 13:26:27,10.10.9.7,172.16.17.3,trust,restricted,ssl,53,deny,5545
2026-01-01 01:01:07,10.10.41.8,172.16.18.8,untrust,dmz,web-browsing,443,allow,5495
2026-01-01 05:32:48,10.10.6.8,172.16.18.9,untrust,dmz,unknown-udp,4444,allow,5564
2026-01-01 03:57:45,10.10.41.2,172.16.9.5,dmz,trust,ssh,4444,deny,5393
2026-01-01 23:08:16,10.10.99.99,172.16.5.2,untrust,restricted,rdp,3389,deny,3558
2026-01-01 07:27:56,10.10.15.9,172.16.9.4,dmz,restricted,ssh,4444,allow,5436
2026-01-01 21:48:15,10.10.45.8,172.16.13.1,dmz,dmz,rdp,4444,deny,3220
2026-01-01 16:18:04,10.10.40.9,172.16.12.8,trust,dmz,unknown-udp,3389,deny,4763
2026-01-01 08:05:35,10.10.42.2,172.16.10.6,dmz,trust,rdp,4444,deny,1686
2026-01-01 18:29:52,10.10.13.2,172.16.8.8,dmz,untrust,web-browsing,3389,deny,8008
2026-01-01 20:09:02,10.10.99.99,172.16.5.7,trust,trust,ssh,3389,deny,3161
2026-01-01 12:11:20,10.10.8.5,172.16.2.1,dmz,dmz,unknown-udp,4444,allow,4547
2026-01-01 21:28:48,10.10.43.2,172.16.12.4,restricted,untrust,dns,4444,allow,7612
2026-01-01 23:48:33,10.10.11.6,172.16.10.7,restricted,restricted,web-browsing,22,allow,194
2026-01-01 09:54:40,10.10.5.9,172.16.11.6,dmz,dmz,rdp,443,deny,1758
2026-01-01 03:27:33,10.10.8.7,172.16.8.3,trust,dmz,unknown-udp,443,allow,1159
2026-01-01 02:09:50,10.10.23.5,172.16.4.7,dmz,restricted,ssl,3389,deny,7192
2026-01-01 23:42:51,10.10.48.3,172.16.15.8,untrust,dmz,ssl,443,allow,5406
2026-01-01 05:02:16,10.10.99.99,172.16.13.8,trust,restricted,unknown-tcp,3389,deny,1767
2026-01-01 09:58:44,10.10.14.3,172.16.1.2,untrust,untrust,ssl,22,allow,9644
2026-01-01 05:47:05,10.10.44.8,172.16.14.8,untrust,dmz,dns,53,allow,3030
2026-01-01 07:55:29,10.10.39.2,172.16.14.1,trust,trust,rdp,443,allow,8074
2026-01-01 14:51:39,10.10.39.4,172.16.7.7,dmz,trust,ssl,443,deny,5322
2026-01-01 08:13:27,10.10.10.3,172.16.17.1,untrust,untrust,unknown-udp,443,allow,3462
2026-01-01 19:19:06,10.10.44.4,172.16.12.3,restricted,untrust,rdp,4444,deny,8325
2026-01-01 08:04:09,10.10.99.99,172.16.5.7,untrust,trust,unknown-tcp,3389,deny,5015
2026-01-01 13:14:45,10.10.49.5,172.16.12.7,untrust,dmz,dns,3389,deny,1622
2026-01-01 20:12:55,10.10.4.4,172.16.3.6,untrust,trust,web-browsing,4444,allow,2882
2026-01-01 10:26:48,10.10.19.6,172.16.5.8,untrust,dmz,rdp,445,deny,7973
2026-01-01 20:28:30,10.10.43.5,172.16.10.5,restricted,trust,unknown-udp,3389,allow,4742
2026-01-01 01:56:32,10.10.28.1,172.16.4.4,dmz,untrust,dns,22,allow,2648
2026-01-01 18:23:20,10.10.30.9,172.16.13.7,trust,trust,ssl,53,allow,7013
2026-01-01 16:45:32,10.10.33.4,172.16.6.2,dmz,restricted,unknown-udp,22,deny,5872
2026-01-01 15:42:57,10.10.2.8,172.16.8.6,dmz,trust,dns,4444,allow,3892
2026-01-01 23:23:31,10.10.30.5,172.16.18.8,restricted,trust,dns,80,allow,6468
2026-01-01 17:09:14,10.10.41.9,172.16.7.9,restricted,untrust,rdp,53,deny,2426
2026-01-01 13:11:49,10.10.40.2,172.16.18.2,untrust,restricted,rdp,4444,allow,9373
2026-01-01 04:01:10,10.10.9.5,172.16.1.3,untrust,dmz,ssl,4444,deny,3745
2026-01-01 01:37:10,10.10.38.6,172.16.7.6,dmz,untrust,dns,3389,deny,8165
2026-01-01 05:01:40,10.10.40.2,172.16.10.9,dmz,dmz,ssh,22,allow,5254
2026-01-01 02:50:57,10.10.23.5,172.16.17.6,restricted,trust,unknown-udp,443,deny,9902
2026-01-01 22:22:05,10.10.4.7,172.16.13.5,restricted,restricted,ssh,3389,deny,9018
2026-01-01 00:17:13,10.10.13.8,172.16.18.8,dmz,trust,dns,22,allow,895
2026-01-01 00:54:02,10.10.42.1,172.16.2.9,restricted,trust,ssl,80,allow,4879
2026-01-01 17:18:35,10.10.32.6,172.16.16.7,restricted,untrust,dns,4444,allow,2687
2026-01-01 01:13:28,10.10.14.9,172.16.6.3,trust,trust,web-browsing,443,deny,3694
2026-01-01 15:26:07,10.10.43.7,172.16.2.7,restricted,restricted,unknown-tcp,445,deny,1803
2026-01-01 04:04:51,10.10.4.4,172.16.11.7,dmz,trust,unknown-tcp,3389,allow,2580
2026-01-01 09:36:05,10.10.11.4,172.16.3.7,dmz,untrust,dns,4444,allow,8867
2026-01-01 06:36:11,10.10.30.7,172.16.14.1,dmz,dmz,unknown-udp,4444,allow,1870
2026-01-01 12:06:55,10.10.30.3,172.16.16.3,restricted,restricted,ssh,80,allow,9641
2026-01-01 07:23:07,10.10.17.3,172.16.17.2,dmz,dmz,rdp,4444,allow,6871
2026-01-01 00:21:28,10.10.46.9,172.16.8.3,dmz,dmz,rdp,445,deny,3580
2026-01-01 09:53:15,10.10.99.99,172.16.18.6,dmz,restricted,unknown-udp,3389,deny,3397
2026-01-01 11:06:44,10.10.20.5,172.16.9.3,untrust,dmz,unknown-tcp,445,allow,2018
2026-01-01 07:08:11,10.10.11.8,172.16.19.4,dmz,untrust,web-browsing,53,allow,2521
2026-01-01 01:10:49,10.10.41.8,172.16.1.8,dmz,trust,ssl,445,allow,1642
2026-01-01 02:47:50,10.10.99.99,172.16.13.1,untrust,trust,rdp,3389,deny,9490
2026-01-01 15:51:19,10.10.15.6,172.16.7.5,restricted,trust,unknown-tcp,53,deny,5600
2026-01-01 09:16:24,10.10.47.5,172.16.6.1,trust,dmz,ssh,53,deny,1828
2026-01-01 12:33:42,10.10.10.4,172.16.5.4,trust,dmz,ssl,22,allow,3026
2026-01-01 19:10:24,10.10.3.1,172.16.11.7,restricted,restricted,web-browsing,4444,allow,7090
2026-01-01 21:11:29,10.10.20.3,172.16.6.1,restricted,untrust,ssh,80,deny,290
2026-01-01 20:00:26,10.10.33.6,172.16.1.4,dmz,trust,unknown-udp,443,deny,3728
2026-01-01 21:45:10,10.10.9.5,172.16.17.5,dmz,restricted,unknown-tcp,3389,deny,7591
2026-01-01 10:31:29,10.10.39.9,172.16.17.3,untrust,untrust,web-browsing,80,allow,1515
2026-01-01 03:06:19,10.10.34.7,172.16.10.5,dmz,restricted,ssh,443,allow,6997
2026-01-01 15:48:51,10.10.43.7,172.16.13.2,dmz,restricted,unknown-tcp,53,deny,9403
2026-01-01 14:46:04,10.10.6.4,172.16.1.2,untrust,trust,unknown-udp,4444,allow,2698
2026-01-01 10:35:02,10.10.16.7,172.16.6.7,untrust,dmz,dns,22,allow,6870
2026-01-01 01:15:29,10.10.48.5,172.16.13.4,untrust,trust,unknown-udp,443,allow,2089
2026-01-01 12:58:37,10.10.27.6,172.16.18.4,trust,trust,web-browsing,22,allow,198
2026-01-01 07:44:55,10.10.37.8,172.16.16.7,dmz,dmz,ssh,22,deny,3580
2026-01-01 23:05:35,10.10.35.6,172.16.16.6,restricted,trust,unknown-udp,443,deny,1792
2026-01-01 04:10:25,10.10.21.3,172.16.7.8,restricted,dmz,unknown-tcp,443,allow,6880
2026-01-01 00:49:18,10.10.19.8,172.16.14.7,dmz,trust,rdp,80,deny,4614
2026-01-01 11:26:29,10.10.28.8,172.16.12.6,trust,untrust,ssl,22,allow,4114
2026-01-01 12:52:54,10.10.5.5,172.16.1.2,trust,restricted,web-browsing,22,deny,6628
2026-01-01 15:20:01,10.10.43.7,172.16.12.1,trust,dmz,unknown-tcp,443,allow,4408
2026-01-01 16:46:24,10.10.5.3,172.16.17.7,restricted,untrust,ssh,53,allow,4109
2026-01-01 19:46:48,10.10.12.5,172.16.8.3,untrust,dmz,unknown-udp,445,deny,6346
2026-01-01 07:15:04,10.10.20.9,172.16.6.6,restricted,untrust,ssh,4444,allow,8950
2026-01-01 13:05:29,10.10.45.3,172.16.5.2,dmz,dmz,rdp,53,deny,1556
2026-01-01 21:17:52,10.10.11.2,172.16.2.8,trust,dmz,ssl,22,allow,9510
2026-01-01 08:19:21,10.10.36.1,172.16.8.4,restricted,untrust,rdp,443,allow,550
2026-01-01 10:22:42,10.10.5.4,172.16.18.2,dmz,dmz,unknown-udp,443,allow,8679
2026-01-01 12:24:16,10.10.10.7,172.16.19.4,untrust,trust,rdp,53,allow,2458
2026-01-01 14:43:47,10.10.44.4,172.16.16.6,untrust,dmz,dns,4444,deny,4837
2026-01-01 14:51:20,10.10.41.4,172.16.1.8,restricted,trust,ssl,3389,allow,9163
2026-01-01 03:08:40,10.10.5.4,172.16.12.2,restricted,untrust,ssl,80,allow,9025
2026-01-01 08:43:58,10.10.33.2,172.16.1.4,restricted,dmz,ssl,53,allow,4827
2026-01-01 19:55:44,10.10.16.2,172.16.6.9,restricted,dmz,web-browsing,53,allow,6648
2026-01-01 07:52:46,10.10.4.7,172.16.18.3,trust,trust,unknown-tcp,3389,allow,8689
2026-01-01 08:53:01,10.10.48.6,172.16.19.1,restricted,trust,dns,3389,deny,8226
2026-01-01 17:59:31,10.10.18.9,172.16.8.8,dmz,dmz,ssl,22,allow,4071
2026-01-01 00:46:48,10.10.16.2,172.16.14.7,dmz,restricted,web-browsing,53,deny,5348
2026-01-01 16:48:43,10.10.49.1,172.16.4.6,untrust,restricted,ssl,4444,deny,3092
2026-01-01 23:15:07,10.10.30.5,172.16.3.5,restricted,trust,web-browsing,443,deny,618
2026-01-01 21:01:30,10.10.99.99,172.16.10.3,dmz,untrust,unknown-udp,3389,deny,480
2026-01-01 21:38:00,10.10.31.3,172.16.8.4,trust,trust,unknown-udp,80,allow,6860
2026-01-01 00:45:23,10.10.12.5,172.16.2.1,untrust,trust,ssh,445,allow,7058
2026-01-01 07:13:44,10.10.37.9,172.16.12.7,restricted,trust,rdp,3389,deny,890
2026-01-01 07:14:45,10.10.32.9,172.16.3.3,dmz,trust,rdp,22,allow,9597
2026-01-01 14:28:13,10.10.40.3,172.16.2.5,untrust,trust,ssl,3389,allow,4335
2026-01-01 14:20:22,10.10.31.8,172.16.18.4,restricted,untrust,web-browsing,3389,allow,4308
2026-01-01 20:49:33,10.10.39.4,172.16.14.2,dmz,restricted,rdp,4444,allow,3298
2026-01-01 19:50:41,10.10.45.5,172.16.6.3,untrust,restricted,ssl,3389,allow,1908
2026-01-01 14:29:30,10.10.4.1,172.16.12.8,restricted,untrust,rdp,443,allow,7269
2026-01-01 00:33:36,10.10.16.8,172.16.6.9,untrust,trust,unknown-udp,3389,allow,5783
2026-01-01 10:14:47,10.10.3.6,172.16.16.8,untrust,restricted,dns,443,allow,2725
2026-01-01 16:02:55,10.10.43.8,172.16.7.8,restricted,trust,ssh,445,deny,2480
2026-01-01 23:59:52,10.10.19.2,172.16.14.3,untrust,dmz,web-browsing,443,allow,7518
2026-01-01 16:20:21,10.10.33.9,172.16.3.3,untrust,restricted,unknown-tcp,443,allow,1800
2026-01-01 19:12:36,10.10.41.9,172.16.8.9,trust,trust,ssh,22,allow,7759
2026-01-01 19:55:16,10.10.2.3,172.16.13.8,dmz,restricted,unknown-tcp,443,allow,5885
2026-01-01 10:58:37,10.10.12.9,172.16.2.8,dmz,dmz,rdp,3389,allow,9869
2026-01-01 10:23:50,10.10.47.5,172.16.19.8,trust,dmz,unknown-udp,53,deny,7925
2026-01-01 12:00:58,10.10.38.4,172.16.2.3,untrust,untrust,ssh,445,allow,3626
2026-01-01 16:49:28,10.10.46.5,172.16.19.9,trust,restricted,unknown-tcp,3389,allow,3629
2026-01-01 19:12:21,10.10.1.6,172.16.15.3,dmz,dmz,ssh,53,deny,836
2026-01-01 01:41:50,10.10.40.4,172.16.13.5,dmz,restricted,ssl,443,allow,499
2026-01-01 22:24:59,10.10.46.9,172.16.11.7,untrust,untrust,unknown-udp,443,allow,1699
2026-01-01 08:38:23,10.10.26.6,172.16.15.1,dmz,untrust,unknown-tcp,3389,deny,1316
2026-01-01 13:58:54,10.10.40.1,172.16.9.2,dmz,trust,web-browsing,22,allow,8937
2026-01-01 19:46:43,10.10.40.8,172.16.9.7,trust,restricted,dns,4444,deny,948
2026-01-01 12:49:14,10.10.3.7,172.16.12.4,untrust,dmz,rdp,22,deny,963
2026-01-01 00:45:21,10.10.13.2,172.16.11.3,untrust,dmz,ssh,4444,allow,7677
2026-01-01 22:39:34,10.10.37.9,172.16.19.5,dmz,restricted,ssl,4444,allow,1656
2026-01-01 13:33:43,10.10.8.7,172.16.9.4,untrust,trust,ssh,3389,allow,8412
2026-01-01 14:09:38,10.10.28.6,172.16.6.2,restricted,dmz,web-browsing,445,allow,5755
2026-01-01 21:54:43,10.10.26.6,172.16.11.7,untrust,untrust,web-browsing,3389,allow,9144
2026-01-01 21:39:35,10.10.45.9,172.16.7.8,dmz,dmz,ssl,80,deny,7733
2026-01-01 00:36:21,10.10.27.7,172.16.13.2,trust,untrust,dns,443,deny,3457
2026-01-01 03:34:35,10.10.33.6,172.16.12.9,trust,dmz,ssh,3389,deny,797
2026-01-01 09:35:43,10.10.1.8,172.16.13.5,trust,untrust,ssh,3389,allow,3308
2026-01-01 11:25:37,10.10.34.5,172.16.11.5,trust,untrust,web-browsing,80,allow,2560
2026-01-01 02:32:02,10.10.4.6,172.16.15.6,untrust,restricted,unknown-tcp,3389,allow,3248
2026-01-01 10:03:18,10.10.15.8,172.16.12.3,dmz,trust,ssl,80,allow,5230
2026-01-01 09:59:39,10.10.30.4,172.16.6.9,restricted,trust,unknown-udp,22,deny,8471
2026-01-01 13:19:47,10.10.25.9,172.16.4.5,restricted,restricted,ssl,80,allow,9711
